scenario,year,region,bau_emissions_tco2,emissions_tco2,abatement_tco2,abatement_mt,capex_usd,total_cost_usd,annual_capex_usd,annual_opex_usd,annual_new_energy_usd,annual_fuel_savings_usd,elec_demand_mwh,h2_demand_t
shaheen_ncc_h2_rising_coupled,2025,Daesan,17217485.657279864,17217485.657279864,0.0,0.0,0.0,0.0,0.0,0.0,0.0,0.0,9752183.842566231,0.0
shaheen_ncc_h2_rising_coupled,2025,Yeosu,22409780.310492523,22409780.310492523,0.0,0.0,0.0,0.0,0.0,0.0,0.0,0.0,15277933.230763266,0.0
shaheen_ncc_h2_rising_coupled,2025,Ulsan,19244286.3271435,19244286.3271435,0.0,0.0,0.0,0.0,0.0,0.0,0.0,0.0,13261121.675682966,0.0
shaheen_ncc_h2_rising_coupled,2025,Other,375812.18112740014,375812.18112740014,0.0,0.0,0.0,0.0,0.0,0.0,0.0,0.0,476689.4581816963,0.0
shaheen_ncc_h2_rising_coupled,2026,Daesan,19800108.505871844,14204124.786110707,5405239.607079938,5.405239607079938,994013999.9999999,3548508024.7058597,39760559.99999999,39760559.99999999,3790515850.8910065,321528946.18514705,12935311.78725192,591675.0
shaheen_ncc_h2_rising_coupled,2026,Yeosu,25771247.357066404,22629175.078923512,2838670.0521535464,2.8386700521535464,522026400.0,1863570200.7298799,20881056.0,20881056.0,1990665467.2706509,168857378.54077113,18473073.476825494,310730.0
shaheen_ncc_h2_rising_coupled,2026,Ulsan,22130929.276215024,17709084.85290699,4160984.1039243587,4.160984103924359,793665599.9999999,2562144828.1620345,32380319.999999993,31112927.999999993,2835421031.382102,336769451.22006774,17001857.65198724,434699.9999999999
shaheen_ncc_h2_rising_coupled,2026,Other,432184.00829651015,422645.4522382944,0.0,0.0,0.0,0.0,0.0,0.0,0.0,0.0,548192.8769089505,0.0
shaheen_ncc_h2_rising_coupled,2027,Daesan,19800108.505871844,13979050.361012524,5439569.919496927,5.439569919496927,952596749.9999999,3602111207.513857,38103869.99999999,38103869.99999999,3847432413.6990037,321528946.18514705,12935311.78725192,591675.0
shaheen_ncc_h2_rising_coupled,2027,Yeosu,25771247.357066404,22307743.600426752,2856699.304660972,2.8566993046609723,500275300.0,1891720987.8916311,20011012.0,20011012.0,2020556342.4324021,168857378.54077113,18473073.476825494,310730.0
shaheen_ncc_h2_rising_coupled,2027,Ulsan,22130929.276215024,17413252.529762406,4195956.107685254,4.195956107685254,760918199.9999999,2603121294.943684,31047239.999999993,29826215.999999993,2879017290.1637516,336769451.22006774,17001857.65198724,434699.9999999999
shaheen_ncc_h2_rising_coupled,2027,Other,432184.00829651015,413106.8961800786,0.0,0.0,0.0,0.0,0.0,0.0,0.0,0.0,548192.8769089505,0.0
shaheen_ncc_h2_rising_coupled,2028,Daesan,19800108.505871844,12119478.011757314,7112346.55983373,7.112346559833729,1183913500.0,4747643937.0154295,47356540.0,47356540.0,5070699759.881845,417768902.8664156,13450231.625382759,768775.0
shaheen_ncc_h2_rising_coupled,2028,Yeosu,25771247.357066404,21986312.12192999,2874728.5571683985,2.8747285571683987,478524200.0,1918942994.4376497,19140968.0,19140968.0,2049518436.978421,168857378.54077113,18473073.476825494,310730.0
shaheen_ncc_h2_rising_coupled,2028,Ulsan,22130929.276215024,17117420.20661783,4230928.11144615,4.23092811144615,728170799.9999999,2642803308.066036,29714159.999999993,28539503.999999993,2921319095.2861037,336769451.22006774,17001857.65198724,434699.9999999999
shaheen_ncc_h2_rising_coupled,2028,Other,432184.00829651015,403568.34012186277,0.0,0.0,0.0,0.0,0.0,0.0,0.0,0.0,548192.8769089505,0.0
shaheen_ncc_h2_rising_coupled,2029,Daesan,19800108.505871844,11885443.981475657,7156952.612021791,7.156952612021791,1130099250.0,4810076992.248213,45203970.0,45203970.0,5137437955.114629,417768902.8664156,13450231.625382759,768775.0
shaheen_ncc_h2_rising_coupled,2029,Yeosu,25771247.357066404,19827196.315170657,4736328.849002904,4.736328849002904,747877199.9999999,3183213255.603006,29915088.0,29915088.0,3399854227.8873773,276471148.2843714,19048847.47764452,508760.0
shaheen_ncc_h2_rising_coupled,2029,Ulsan,22130929.276215024,16821587.88347325,4265900.115207044,4.265900115207044,695423399.9999999,2679700305.1718764,28381079.999999993,27252791.999999993,2960835884.3919444,336769451.22006774,17001857.65198724,434699.9999999999
shaheen_ncc_h2_rising_coupled,2029,Other,432184.00829651015,394029.7840636471,0.0,0.0,0.0,0.0,0.0,0.0,0.0,0.0,548192.8769089505,0.0
shaheen_ncc_h2_rising_coupled,2030,Daesan,19800108.505871844,11651409.951193996,7201558.664209853,7.201558664209853,1076285000.0,4870323542.538513,43051400.0,43051400.0,5201989645.404928,417768902.8664156,13450231.625382759,768775.0
shaheen_ncc_h2_rising_coupled,2030,Yeosu,25771247.357066404,19495746.36905965,4765848.246890711,4.765848246890711,712263999.9999999,3223083223.9626594,28490560.0,28490560.0,3442573252.2470307,276471148.2843714,19048847.47764452,508760.0
shaheen_ncc_h2_rising_coupled,2030,Ulsan,22130929.276215024,16525755.560328675,4300872.118967941,4.300872118967941,662675999.9999999,2715365830.669044,27047999.999999996,25966079.999999996,2999121201.8891115,336769451.22006774,17001857.65198724,434699.9999999999
shaheen_ncc_h2_rising_coupled,2030,Other,432184.00829651015,384491.2280054315,0.0,0.0,0.0,0.0,0.0,0.0,0.0,0.0,548192.8769089505,0.0
shaheen_ncc_h2_rising_coupled,2031,Daesan,19800108.505871844,11464451.731601175,7237192.234635949,7.237192234635949,1057065624.9999999,4974747911.30513,42282625.0,42282625.0,5307951564.171545,417768902.8664156,13450231.625382759,768775.0
shaheen_ncc_h2_rising_coupled,2031,Yeosu,25771247.357066404,15783578.499278493,8252672.611014187,8.252672611014187,1205386874.9999998,5672775366.9228115,48215475.0,48215475.0,6052732202.4950905,476387785.57227916,20118476.414125398,876645.0
shaheen_ncc_h2_rising_coupled,2031,Ulsan,22130929.276215024,15019100.878901772,5604980.385331596,5.604980385331596,837433449.9999999,3653352818.7822685,34030569.99999999,32964105.999999993,3996794906.2983627,410436763.51609325,17396005.38262921,570261.9999999999
shaheen_ncc_h2_rising_coupled,2031,Other,432184.00829651015,376871.34701639693,0.0,0.0,0.0,0.0,0.0,0.0,0.0,0.0,548192.8769089505,0.0
shaheen_ncc_h2_rising_coupled,2032,Daesan,19800108.505871844,11277493.512008352,7272825.8050620435,7.272825805062044,1037846249.9999999,5077707442.301955,41513850.0,41513850.0,5412448645.168371,417768902.8664156,13450231.625382759,768775.0
shaheen_ncc_h2_rising_coupled,2032,Yeosu,25771247.357066404,15503931.677122144,8293306.075091693,8.293306075091692,1183470750.0,5790181575.56736,47338830.0,47338830.0,6171891701.139639,476387785.57227916,20118476.414125398,876645.0
shaheen_ncc_h2_rising_coupled,2032,Ulsan,22130929.276215024,14777296.404083228,5639201.239074374,5.6392012390743735,822404099.9999999,3731449211.757331,33421667.999999993,32370659.999999993,4076093647.2734246,410436763.51609325,17396005.38262921,570261.9999999999
shaheen_ncc_h2_rising_coupled,2032,Other,432184.00829651015,369251.46602736256,0.0,0.0,0.0,0.0,0.0,0.0,0.0,0.0,548192.8769089505,0.0
shaheen_ncc_h2_rising_coupled,2033,Daesan,19800108.505871844,11090535.292415533,7308459.375488139,7.308459375488138,1018626874.9999999,5178468325.553558,40745075.0,40745075.0,5514747078.419973,417768902.8664156,13450231.625382759,768775.0
shaheen_ncc_h2_rising_coupled,2033,Yeosu,25771247.357066404,15224284.854965802,8333939.539169199,8.333939539169199,1161554625.0,5905080635.10767,46462185.0,46462185.0,6288544050.679949,476387785.57227916,20118476.414125398,876645.0
shaheen_ncc_h2_rising_coupled,2033,Ulsan,22130929.276215024,14535491.92926468,5673422.092817153,5.673422092817153,807374749.9999999,3807909814.8419485,32812765.999999993,31777213.999999993,4153756598.358042,410436763.51609325,17396005.38262921,570261.9999999999
shaheen_ncc_h2_rising_coupled,2033,Other,432184.00829651015,361631.5850383282,0.0,0.0,0.0,0.0,0.0,0.0,0.0,0.0,548192.8769089505,0.0
shaheen_ncc_h2_rising_coupled,2034,Daesan,19800108.505871844,9838266.67610853,8441686.463772543,8.441686463772543,1146545400.0,6055646401.0275345,45861816.0,45861816.0,6440232168.913664,476309399.8861298,13764156.415187314,881958.0
shaheen_ncc_h2_rising_coupled,2034,Yeosu,25771247.357066404,14258172.016150106,9081841.657001775,9.081841657001775,1234451399.9999998,6519523463.360962,49378055.99999999,49378055.99999999,6934877534.017069,514110182.6561063,20320763.65421283,949578.0
shaheen_ncc_h2_rising_coupled,2034,Ulsan,22130929.276215024,14157303.477626394,5848159.897637095,5.848159897637095,811182399.9999999,3982827750.8179884,32957343.999999993,31937247.999999993,4335864438.311001,417931279.49301255,17436194.900527373,584751.9999999999
shaheen_ncc_h2_rising_coupled,2034,Other,432184.00829651015,354011.7040492937,0.0,0.0,0.0,0.0,0.0,0.0,0.0,0.0,548192.8769089505,0.0
shaheen_ncc_h2_rising_coupled,2035,Daesan,19800108.505871844,9646944.901937423,8484830.400725752,8.484830400725752,1124496450.0,6166818793.469217,44979858.0,44979858.0,6553168477.355347,476309399.8861298,13764156.415187314,881958.0
shaheen_ncc_h2_rising_coupled,2035,Yeosu,25771247.357066404,12959294.909943508,10177399.147830697,10.177399147830696,1347835649.9999998,7391981730.933536,53913425.99999999,53913425.99999999,7853891024.618331,569736145.6847963,20619059.18705699,1057126.0
shaheen_ncc_h2_rising_coupled,2035,Ulsan,22130929.276215024,12816157.0120799,7008083.8274408,7.0080838274408,955084200.0,4933082966.707479,38705688.0,37701048.0,5338179622.283252,481503391.57577306,17777683.620604366,709688.0
shaheen_ncc_h2_rising_coupled,2035,Other,432184.00829651015,346391.82306025934,0.0,0.0,0.0,0.0,0.0,0.0,0.0,0.0,548192.8769089505,0.0
shaheen_ncc_h2_rising_coupled,2036,Daesan,19800108.505871844,8645131.665858062,9202026.934574284,9.202026934574283,1193211250.0,6793886551.424677,47728450.0,47728450.0,7211350265.948502,512920614.52382404,13961009.675588053,954569.0
shaheen_ncc_h2_rising_coupled,2036,Yeosu,25771247.357066404,12384023.158624612,10282996.541001007,10.282996541001006,1321407499.9999998,7523279491.339468,52856299.99999999,52856299.99999999,7987303037.024264,569736145.6847963,20619059.18705699,1057126.0
shaheen_ncc_h2_rising_coupled,2036,Ulsan,22130929.276215024,12320159.639065037,7092856.872124853,7.092856872124853,936569200.0,5022923722.160237,37957360.0,36968176.0,5429501577.736011,481503391.57577306,17777683.620604366,709688.0
shaheen_ncc_h2_rising_coupled,2036,Other,432184.00829651015,331097.24179449957,0.0,0.0,0.0,0.0,0.0,0.0,0.0,0.0,548192.8769089505,0.0
shaheen_ncc_h2_rising_coupled,2037,Daesan,19800108.505871844,8254223.394941597,9296391.83590124,9.29639183590124,1169347025.0,6909525786.182664,46773881.0,46773881.0,7328898638.706488,512920614.52382404,13961009.675588053,954569.0
shaheen_ncc_h2_rising_coupled,2037,Yeosu,25771247.357066404,10010022.733309614,12228153.972073376,12.228153972073375,1551371849.9999998,9168310327.777258,62054873.99999999,62054873.99999999,9719467942.82126,675267363.0440037,21186485.43654914,1266426.0
shaheen_ncc_h2_rising_coupled,2037,Ulsan,22130929.276215024,11822384.497688117,7177933.762847199,7.177933762847199,918054200.0,5110608867.206618,37209032.0,36235304.0,5518667922.7823925,481503391.57577306,17777683.620604366,709688.0
shaheen_ncc_h2_rising_coupled,2037,Other,432184.00829651015,315747.841241049,0.0,0.0,0.0,0.0,0.0,0.0,0.0,0.0,548192.8769089505,0.0
shaheen_ncc_h2_rising_coupled,2038,Daesan,19800108.505871844,7864711.224992692,9390419.719723454,9.390419719723454,1145482800.0,7023325827.78194,45819312.0,45819312.0,7444607818.305764,512920614.52382404,13961009.675588053,954569.0
shaheen_ncc_h2_rising_coupled,2038,Yeosu,25771247.357066404,9418919.78962989,12355167.126760786,12.355167126760787,1519711200.0,9319192679.305458,60788447.99999999,60788447.99999999,9872883146.349463,675267363.0440037,21186485.43654914,1266426.0
shaheen_ncc_h2_rising_coupled,2038,Ulsan,22130929.276215024,11326387.124673259,7262706.8075312525,7.262706807531252,899539200.0,5196931496.166871,36460704.0,35502432.0,5606471751.742644,481503391.57577306,17777683.620604366,709688.0
shaheen_ncc_h2_rising_coupled,2038,Other,432184.00829651015,300453.2599752893,0.0,0.0,0.0,0.0,0.0,0.0,0.0,0.0,548192.8769089505,0.0
shaheen_ncc_h2_rising_coupled,2039,Daesan,19800108.505871844,5804613.1580155725,11452494.483170591,11.452494483170591,1901546850.0,9061604819.387035,76061874.0,70275413.24999999,9758666652.503475,843399120.3664398,20042865.579925224,1125873.0
shaheen_ncc_h2_rising_coupled,2039,Yeosu,25771247.357066404,8674707.167028163,12771798.536571609,12.771798536571609,2007369735.0,10034635922.4259,80294789.39999999,75101597.55,10769096866.662941,889857331.1870425,26124708.042960666,1266426.0
shaheen_ncc_h2_rising_coupled,2039,Ulsan,22130929.276215024,10590548.714705938,7844747.9769825535,7.844747976982553,1642803749.9999995,6167729344.968528,66183557.99999999,57622946.49999999,6861574023.884676,817651183.4161481,25513239.197251692,709688.0
shaheen_ncc_h2_rising_coupled,2039,Other,432184.00829651015,255032.1825686943,36679.58839297148,0.036679588392971474,116982599.99999999,112851794.70255338,4679303.999999999,3509477.9999999995,146886625.81858882,42223613.11603545,1519858.0606000854,0.0
shaheen_ncc_h2_rising_coupled,2040,Daesan,19800108.505871844,5243412.9217776675,11748206.187673975,11.748206187673976,1863365700.0,9210102729.266851,74534628.0,68848510.5,9910118711.133291,843399120.3664398,20042865.579925224,1125873.0
shaheen_ncc_h2_rising_coupled,2040,Yeosu,25771247.357066404,7943215.341825265,13051788.62315756,13.051788623157561,1966703550.0,10196800002.889084,78668141.99999999,73565005.5,10934424186.576124,889857331.1870425,26124708.042960666,1266426.0
shaheen_ncc_h2_rising_coupled,2040,Ulsan,22130929.276215024,9876178.017182887,8173295.735032286,8.173295735032285,1611078699.9999998,6277986426.597186,64906828.0,56493772.99999999,6974237009.013333,817651183.4161481,25513239.197251692,709688.0
shaheen_ncc_h2_rising_coupled,2040,Other,432184.00829651015,212476.15687189193,64570.35441275804,0.06457035441275803,114953999.99999999,116266087.27486295,4598159.999999999,3448619.9999999995,150442920.39089838,42223613.11603545,1519858.0606000854,0.0
shaheen_ncc_h2_rising_coupled,2041,Daesan,19800108.505871844,4181234.496402065,12704849.237147568,12.704849237147569,1924803300.0,10037771117.216835,76992132.0,71406357.75,10777419570.562172,888046943.0953352,20282930.531633444,1214423.0
shaheen_ncc_h2_rising_coupled,2041,Yeosu,25771247.357066404,7580081.900028111,13190783.701855585,13.190783701855585,1926037365.0,10355322169.275055,77041494.6,72028413.44999999,11096109592.412098,889857331.1870425,26124708.042960666,1266426.0
shaheen_ncc_h2_rising_coupled,2041,Ulsan,22130929.276215024,9521543.99234109,8336396.229206976,8.336396229206976,1579353649.9999998,6386147940.885042,63630097.99999999,55364599.49999999,7084804426.80119,817651183.4161481,25513239.197251692,709688.0
shaheen_ncc_h2_rising_coupled,2041,Other,432184.00829651015,191350.12982955074,78416.12754400923,0.07841612754400923,112925399.99999999,119670663.19533557,4517015.999999999,3387761.9999999995,153989498.311371,42223613.11603545,1519858.0606000854,0.0
shaheen_ncc_h2_rising_coupled,2042,Daesan,19800108.505871844,3897273.468959196,12857251.584124422,12.857251584124421,1884408400.0,10190431534.169275,75376336.0,69890905.0,10933211236.26461,888046943.0953352,20282930.531633444,1214423.0
shaheen_ncc_h2_rising_coupled,2042,Yeosu,25771247.357066404,7214335.987426662,13330778.74514856,13.33077874514856,1885371180.0,10511323628.063555,75414847.19999999,70491821.39999999,11255274290.650599,889857331.1870425,26124708.042960666,1266426.0
shaheen_ncc_h2_rising_coupled,2042,Ulsan,22130929.276215024,8062637.739185586,9640815.835480247,9.640815835480247,1683995599.9999998,7461837808.409907,67808048.0,59690106.0,8214497789.646508,880158135.2366017,25849330.129643198,833658.0
shaheen_ncc_h2_rising_coupled,2042,Other,432184.00829651015,170072.11698114953,92361.51055390252,0.09236151055390253,110896799.99999999,123084955.76764514,4435871.999999999,3326903.9999999995,157545792.88368055,42223613.11603545,1519858.0606000854,0.0
shaheen_ncc_h2_rising_coupled,2043,Daesan,19800108.505871844,3009807.253817713,13635023.469208712,13.635023469208711,1916705000.0,10875141379.495491,76668199.99999999,71283112.25,11649331711.333801,922141644.08831,20466252.858392447,1282043.0
shaheen_ncc_h2_rising_coupled,2043,Yeosu,25771247.357066404,5927526.205028041,14425206.821600743,14.425206821600742,1955646070.0,11481082581.952957,78225842.8,73392872.35,12271356205.93404,941892339.1310824,26404492.832133334,1369627.0
shaheen_ncc_h2_rising_coupled,2043,Ulsan,22130929.276215024,7700747.117370581,9811454.807120342,9.811454807120342,1649171299.9999998,7579624664.595897,66407347.99999999,58436962.5,8334938489.332499,880158135.2366017,25849330.129643198,833658.0
shaheen_ncc_h2_rising_coupled,2043,Other,432184.00829651015,148794.10413274833,106306.89356379582,0.10630689356379582,108868199.99999999,126489531.68811777,4354727.999999999,3266045.9999999995,161092370.8041532,42223613.11603545,1519858.0606000854,0.0
shaheen_ncc_h2_rising_coupled,2044,Daesan,19800108.505871844,1744097.0765441903,14807868.329216309,14.807868329216308,1989573600.0,11907673652.781921,79582944.0,74298199.49999999,12731135097.835047,977342588.5531261,20763060.435049877,1391523.0
shaheen_ncc_h2_rising_coupled,2044,Yeosu,25771247.357066404,4160809.071329605,16021729.712559588,16.021729712559587,2076378360.0,12895124221.953743,83055134.4,78312219.3,13754391731.106695,1020634862.8529525,26827880.110600557,1525797.0
shaheen_ncc_h2_rising_coupled,2044,Ulsan,22130929.276215024,7341441.42856854,9980874.928963006,9.980874928963006,1614346999.9999998,7695941325.296464,65006647.999999985,57183818.99999999,8453908993.533066,880158135.2366017,25849330.129643198,833658.0
shaheen_ncc_h2_rising_coupled,2044,Other,432184.00829651015,127668.07709040718,120152.666695047,0.120152666695047,106839599.99999999,129903824.2604273,4273583.999999999,3205187.9999999995,164648665.37646273,42223613.11603545,1519858.0606000854,0.0
shaheen_ncc_h2_rising_coupled,2045,Daesan,19800108.505871844,1453414.230453492,14969363.665643487,14.969363665643487,1944751200.0,12068739219.684362,77790048.0,72605646.75,12895686113.48749,977342588.5531261,20763060.435049877,1391523.0
shaheen_ncc_h2_rising_coupled,2045,Yeosu,25771247.357066404,3785218.749781198,16175041.852220267,16.175041852220268,2029227900.0,13067450883.54211,81169116.0,76516256.25,13930400374.145063,1020634862.8529525,26827880.110600557,1525797.0
shaheen_ncc_h2_rising_coupled,2045,Ulsan,22130929.276215024,6168057.632599945,10994565.20252807,10.99456520252807,1671936700.0,8542376388.248036,67302508.0,59627235.5,9341064381.308605,925617736.560568,26093759.898655202,923818.0
shaheen_ncc_h2_rising_coupled,2045,Other,432184.00829651015,106390.06424200597,134098.0497049403,0.1340980497049403,104810999.99999999,133308400.18089996,4192439.9999999995,3144329.9999999995,168195243.29693538,42223613.11603545,1519858.0606000854,0.0
shaheen_ncc_h2_rising_coupled,2046,Daesan,19800108.505871844,1162731.3843627933,15130859.002070665,15.130859002070665,1899928800.0,12227140190.737564,75997152.0,70913094.0,13057572533.290688,977342588.5531261,20763060.435049877,1391523.0
shaheen_ncc_h2_rising_coupled,2046,Yeosu,25771247.357066404,3409628.4282327895,16328353.991880944,16.328353991880945,1982077440.0,13236843719.800724,79283097.6,74720293.19999999,14103475191.853676,1020634862.8529525,26827880.110600557,1525797.0
shaheen_ncc_h2_rising_coupled,2046,Ulsan,22130929.276215024,4929621.575176177,12078062.396923702,12.078062396923702,1731458399.9999998,9458116171.89733,69675647.99999999,62147931.99999999,10300617044.162146,974324452.2648176,26355648.93688235,1020418.0
shaheen_ncc_h2_rising_coupled,2046,Other,432184.00829651015,85112.05139360478,148043.4327148336,0.14804343271483358,102782399.99999999,136722692.7532095,4111295.9999999995,3083471.9999999995,171751537.86924496,42223613.11603545,1519858.0606000854,0.0
shaheen_ncc_h2_rising_coupled,2047,Daesan,19800108.505871844,872048.5382720951,15292354.338497845,15.292354338497846,1855106400.0,12381445062.206701,74204256.0,69220541.25,13215362853.509827,977342588.5531261,20763060.435049877,1391523.0
shaheen_ncc_h2_rising_coupled,2047,Yeosu,25771247.357066404,3034038.106684382,16481666.131541621,16.481666131541623,1934926980.0,13401757317.566183,77397079.19999999,72924330.15,14272070771.069138,1020634862.8529525,26827880.110600557,1525797.0
shaheen_ncc_h2_rising_coupled,2047,Ulsan,22130929.276215024,2339441.4977694578,14571702.160780866,14.571702160780866,1930567099.9999998,11622347276.53686,77632267.99999999,70252108.49999999,12572177698.752443,1097714798.7155833,27019101.16705779,1265138.0
shaheen_ncc_h2_rising_coupled,2047,Other,432184.00829651015,63834.03854520359,161988.81572472685,0.16198881572472684,100753799.99999999,140127268.67368215,4030151.9999999995,3022613.9999999995,175298115.7897176,42223613.11603545,1519858.0606000854,0.0
shaheen_ncc_h2_rising_coupled,2048,Daesan,19800108.505871844,581365.6921813966,15453849.674925026,15.453849674925026,1810284000.0,12533075597.1656,72411360.0,67527988.5,13370478837.218727,977342588.5531261,20763060.435049877,1391523.0
shaheen_ncc_h2_rising_coupled,2048,Yeosu,25771247.357066404,766934.1417096391,18607467.705478083,18.607467705478083,2084929070.0,15310358123.10764,83397162.8,79014469.1,16273219614.965221,1125273123.757582,27390505.061058544,1733326.0
shaheen_ncc_h2_rising_coupled,2048,Ulsan,22130929.276215024,1961174.0814306487,14764494.96126357,14.76449496126357,1884955800.0,11771160001.549145,75800088.0,68567484.99999999,12724507227.26473,1097714798.7155833,27019101.16705779,1265138.0
shaheen_ncc_h2_rising_coupled,2048,Other,432184.00829651015,42556.02569680239,175934.19873462015,0.17593419873462016,98725199.99999999,143541561.2459917,3949007.9999999995,2961755.9999999995,178854410.36202717,42223613.11603545,1519858.0606000854,0.0
shaheen_ncc_h2_rising_coupled,2049,Daesan,19800108.505871844,290682.8460906983,15615345.011352204,15.615345011352204,1765461600.0,12680734542.079006,70618464.0,65835435.74999999,13521623230.88213,977342588.5531261,20763060.435049877,1391523.0
shaheen_ncc_h2_rising_coupled,2049,Yeosu,25771247.357066404,383467.07085481955,18771435.17550373,18.77143517550373,2032590385.0,15486966883.887894,81303615.4,77010977.05,16453925415.195477,1125273123.757582,27390505.061058544,1733326.0
shaheen_ncc_h2_rising_coupled,2049,Ulsan,22130929.276215024,1582906.6650918394,14957287.76174627,14.95728776174627,1839344500.0,11916330976.331041,73967907.99999999,66882861.49999999,12873195005.546625,1097714798.7155833,27019101.16705779,1265138.0
shaheen_ncc_h2_rising_coupled,2049,Other,432184.00829651015,21278.012848401195,189879.58174451347,0.18987958174451347,96696599.99999999,146946137.16646436,3867863.9999999995,2900897.9999999995,182400988.2824998,42223613.11603545,1519858.0606000854,0.0
shaheen_ncc_h2_rising_coupled,2050,Daesan,19800108.505871844,0.0,15776840.347779384,15.776840347779384,1720639200.0,12825593714.320595,68825568.0,64142883.0,13669967851.873722,977342588.5531261,20763060.435049877,1391523.0
shaheen_ncc_h2_rising_coupled,2050,Yeosu,25771247.357066404,0.0,18935402.645529386,18.935402645529386,1980251700.0,15660067432.620958,79210068.0,75007485.0,16631123003.37854,1125273123.757582,27390505.061058544,1733326.0
shaheen_ncc_h2_rising_coupled,2050,Ulsan,22130929.276215024,0.0,16588756.489553513,16.588756489553514,1934286200.0,13400788968.10128,77757847.99999999,70820357.99999999,14400255833.711256,1148045071.6099744,27289719.839892507,1421308.0
shaheen_ncc_h2_rising_coupled,2050,Other,432184.00829651015,0.0,203824.96475440674,0.20382496475440673,94667999.99999999,150360429.7387739,3786719.9999999995,2840039.9999999995,185957282.85480934,42223613.11603545,1519858.0606000854,0.0
shaheen_ncc_h2_rising_decoupled,2025,Daesan,17217485.657279864,17217485.657279864,0.0,0.0,0.0,0.0,0.0,0.0,0.0,0.0,9752183.842566231,0.0
shaheen_ncc_h2_rising_decoupled,2025,Yeosu,22409780.310492523,22409780.310492523,0.0,0.0,0.0,0.0,0.0,0.0,0.0,0.0,15277933.230763266,0.0
shaheen_ncc_h2_rising_decoupled,2025,Ulsan,19244286.3271435,19244286.3271435,0.0,0.0,0.0,0.0,0.0,0.0,0.0,0.0,13261121.675682966,0.0
shaheen_ncc_h2_rising_decoupled,2025,Other,375812.18112740014,375812.18112740014,0.0,0.0,0.0,0.0,0.0,0.0,0.0,0.0,476689.4581816963,0.0
shaheen_ncc_h2_rising_decoupled,2026,Daesan,19800108.505871844,12587546.072320633,7023134.455457606,7.0231344554576065,1291542000.0,3527251809.357283,51661680.0,51661680.0,3841697352.2236986,417768902.8664156,13450231.625382759,768775.0
shaheen_ncc_h2_rising_decoupled,2026,Yeosu,25771247.357066404,22144201.46478649,3324038.506666847,3.324038506666847,611284800.0,1669442741.182714,24451392.0,24451392.0,1818269322.7278657,197729365.5451517,18627549.428264745,363860.0
shaheen_ncc_h2_rising_decoupled,2026,Ulsan,22130929.276215024,20707103.558481306,1160524.5669330454,1.1605245669330453,241886399.99999997,442614083.7135992,10309151.999999998,9041760.0,581551248.7247691,158288077.0111698,16046915.406726412,106259.99999999999
shaheen_ncc_h2_rising_decoupled,2026,Other,432184.00829651015,422645.4522382944,0.0,0.0,0.0,0.0,0.0,0.0,0.0,0.0,548192.8769089505,0.0
shaheen_ncc_h2_rising_decoupled,2027,Daesan,19800108.505871844,12353512.042038975,7067740.507645668,7.067740507645668,1237727750.0,3465350359.810758,49509110.0,49509110.0,3784101042.6771736,417768902.8664156,13450231.625382759,768775.0
shaheen_ncc_h2_rising_decoupled,2027,Yeosu,25771247.357066404,20490096.20739269,4677290.053227291,4.677290053227291,819103600.0,2293299923.9794755,32764144.0,32764144.0,2504242784.263847,276471148.2843714,19048847.47764452,508760.0
shaheen_ncc_h2_rising_decoupled,2027,Ulsan,22130929.276215024,20427887.23040426,1176439.7442094078,1.176439744209408,232129799.99999997,435652608.3944714,9895704.0,8674680.0,575370301.4056412,158288077.0111698,16046915.406726412,106259.99999999999
shaheen_ncc_h2_rising_decoupled,2027,Other,432184.00829651015,413106.8961800786,0.0,0.0,0.0,0.0,0.0,0.0,0.0,0.0,548192.8769089505,0.0
shaheen_ncc_h2_rising_decoupled,2028,Daesan,19800108.505871844,12119478.011757314,7112346.55983373,7.112346559833729,1183913500.0,3404534478.2912974,47356540.0,47356540.0,3727590301.157713,417768902.8664156,13450231.625382759,768775.0
shaheen_ncc_h2_rising_decoupled,2028,Yeosu,25771247.357066404,20158646.261281677,4706809.451115098,4.706809451115098,783490400.0,2253053183.539372,31339616.0,31339616.0,2466845099.8237433,276471148.2843714,19048847.47764452,508760.0
shaheen_ncc_h2_rising_decoupled,2028,Ulsan,22130929.276215024,18811354.41892602,2532901.9170565256,2.5329019170565257,445519199.99999994,1070538419.3105943,18408095.999999996,17233439.999999996,1271926743.060984,237029859.75038946,16468213.456106188,251159.99999999994
shaheen_ncc_h2_rising_decoupled,2028,Other,432184.00829651015,403568.34012186277,0.0,0.0,0.0,0.0,0.0,0.0,0.0,0.0,548192.8769089505,0.0
shaheen_ncc_h2_rising_decoupled,2029,Daesan,19800108.505871844,11885443.981475657,7156952.612021791,7.156952612021791,1130099250.0,3343477143.6947727,45203970.0,45203970.0,3670838106.5611887,417768902.8664156,13450231.625382759,768775.0
shaheen_ncc_h2_rising_decoupled,2029,Yeosu,25771247.357066404,19827196.315170657,4736328.849002904,4.736328849002904,747877199.9999999,2212646654.2566457,29915088.0,29915088.0,2429287626.541017,276471148.2843714,19048847.47764452,508760.0
shaheen_ncc_h2_rising_decoupled,2029,Ulsan,22130929.276215024,18524807.50478977,2557224.517781947,2.557224517781947,425619599.99999994,1052185428.7517029,17588927.999999996,16460639.999999996,1255165720.5020924,237029859.75038946,16468213.456106188,251159.99999999994
shaheen_ncc_h2_rising_decoupled,2029,Other,432184.00829651015,394029.7840636471,0.0,0.0,0.0,0.0,0.0,0.0,0.0,0.0,548192.8769089505,0.0
shaheen_ncc_h2_rising_decoupled,2030,Daesan,19800108.505871844,11651409.951193996,7201558.664209853,7.201558664209853,1076285000.0,3283572260.550313,43051400.0,43051400.0,3615238363.416729,417768902.8664156,13450231.625382759,768775.0
shaheen_ncc_h2_rising_decoupled,2030,Yeosu,25771247.357066404,19495746.36905965,4765848.246890711,4.765848246890711,712263999.9999999,2173002794.416542,28490560.0,28490560.0,2392492822.7009134,276471148.2843714,19048847.47764452,508760.0
shaheen_ncc_h2_rising_decoupled,2030,Ulsan,22130929.276215024,15534305.279614286,5296270.803445114,5.296270803445114,811439999.9999999,2272000224.510943,32998559.999999996,31916639.999999996,2601598449.739772,394513425.22882885,17310809.554865744,540959.9999999999
shaheen_ncc_h2_rising_decoupled,2030,Other,432184.00829651015,384491.2280054315,0.0,0.0,0.0,0.0,0.0,0.0,0.0,0.0,548192.8769089505,0.0
shaheen_ncc_h2_rising_decoupled,2031,Daesan,19800108.505871844,11464451.731601175,7237192.234635949,7.237192234635949,1057065624.9999999,3259784369.178788,42282625.0,42282625.0,3592988022.045204,417768902.8664156,13450231.625382759,768775.0
shaheen_ncc_h2_rising_decoupled,2031,Yeosu,25771247.357066404,15783578.499278493,8252672.611014187,8.252672611014187,1205386874.9999998,3717178196.8960214,48215475.0,48215475.0,4097135032.468301,476387785.57227916,20118476.414125398,876645.0
shaheen_ncc_h2_rising_decoupled,2031,Ulsan,22130929.276215024,15293685.026801653,5329133.4771213895,5.329133477121389,797143199.9999999,2256979704.352523,32418959.999999996,31352495.999999996,2587721673.5813518,394513425.22882885,17310809.554865744,540959.9999999999
shaheen_ncc_h2_rising_decoupled,2031,Other,432184.00829651015,376871.34701639693,0.0,0.0,0.0,0.0,0.0,0.0,0.0,0.0,548192.8769089505,0.0
shaheen_ncc_h2_rising_decoupled,2032,Daesan,19800108.505871844,11277493.512008352,7272825.8050620435,7.272825805062044,1037846249.9999999,3236117233.209328,41513850.0,41513850.0,3570858436.0757437,417768902.8664156,13450231.625382759,768775.0
shaheen_ncc_h2_rising_decoupled,2032,Yeosu,25771247.357066404,15503931.677122144,8293306.075091693,8.293306075091692,1183470750.0,3690190227.1884384,47338830.0,47338830.0,4071900352.7607174,476387785.57227916,20118476.414125398,876645.0
shaheen_ncc_h2_rising_decoupled,2032,Ulsan,22130929.276215024,15053064.77398902,5361996.150797663,5.361996150797664,782846399.9999999,2242049032.270382,31839359.999999996,30788351.999999996,2573934745.4992113,394513425.22882885,17310809.554865744,540959.9999999999
shaheen_ncc_h2_rising_decoupled,2032,Other,432184.00829651015,369251.46602736256,0.0,0.0,0.0,0.0,0.0,0.0,0.0,0.0,548192.8769089505,0.0
shaheen_ncc_h2_rising_decoupled,2033,Daesan,19800108.505871844,11090535.292415533,7308459.375488139,7.308459375488138,1018626874.9999999,3212596875.537803,40745075.0,40745075.0,3548875628.4042187,417768902.8664156,13450231.625382759,768775.0
shaheen_ncc_h2_rising_decoupled,2033,Yeosu,25771247.357066404,15224284.854965802,8333939.539169199,8.333939539169199,1161554625.0,3663369630.848867,46462185.0,46462185.0,4046833046.4211464,476387785.57227916,20118476.414125398,876645.0
shaheen_ncc_h2_rising_decoupled,2033,Ulsan,22130929.276215024,14535491.92926468,5673422.092817153,5.673422092817153,807374749.9999999,2349665484.798848,32812765.999999993,31777213.999999993,2695512268.314942,410436763.51609325,17396005.38262921,570261.9999999999
shaheen_ncc_h2_rising_decoupled,2033,Other,432184.00829651015,361631.5850383282,0.0,0.0,0.0,0.0,0.0,0.0,0.0,0.0,548192.8769089505,0.0
shaheen_ncc_h2_rising_decoupled,2034,Daesan,19800108.505871844,10388348.715948146,7874934.76109464,7.87493476109464,1070569499.9999999,3416664192.9516087,42822780.0,42822780.0,3777100151.7308307,446081518.7792219,13602058.692998048,823515.0
shaheen_ncc_h2_rising_decoupled,2034,Yeosu,25771247.357066404,14061172.938521594,9284810.586335458,9.284810586335459,1261660399.9999998,4026767107.1562653,50466415.99999999,50466415.99999999,4450769869.779033,524935594.62276757,20378815.180065736,970508.0
shaheen_ncc_h2_rising_decoupled,2034,Ulsan,22130929.276215024,13960304.39999788,6051128.82697078,6.05112882697078,838391399.9999999,2481208819.0912585,34045703.99999999,33025607.999999993,2842894198.5509324,428756691.45967376,17494246.42638028,605681.9999999999
shaheen_ncc_h2_rising_decoupled,2034,Other,432184.00829651015,354011.7040492937,0.0,0.0,0.0,0.0,0.0,0.0,0.0,0.0,548192.8769089505,0.0
shaheen_ncc_h2_rising_decoupled,2035,Daesan,19800108.505871844,8202403.140600833,9955010.98526677,9.95501098526677,1342909050.0,4340232748.9737,53716362.0,53716362.0,4795482667.375365,562682642.4016658,14228572.97631012,1053262.0
shaheen_ncc_h2_rising_decoupled,2035,Yeosu,25771247.357066404,12959294.909943508,10177399.147830697,10.177399147830696,1347835649.9999998,4354555109.6620035,53913425.99999999,53913425.99999999,4816464403.3468,569736145.6847963,20619059.18705699,1057126.0
shaheen_ncc_h2_rising_decoupled,2035,Ulsan,22130929.276215024,13494983.027745591,6317209.492600096,6.317209492600097,852446699.9999999,2561458384.225012,34600187.99999999,33595547.99999999,2934177110.047243,440914461.8222317,17559442.755415082,629188.0
shaheen_ncc_h2_rising_decoupled,2035,Other,432184.00829651015,346391.82306025934,0.0,0.0,0.0,0.0,0.0,0.0,0.0,0.0,548192.8769089505,0.0
shaheen_ncc_h2_rising_decoupled,2036,Daesan,19800108.505871844,7805425.954561779,10059137.224327434,10.059137224327435,1316577500.0,4308260856.599633,52663100.0,52663100.0,4765617299.001299,562682642.4016658,14228572.97631012,1053262.0
shaheen_ncc_h2_rising_decoupled,2036,Yeosu,25771247.357066404,12384023.158624612,10282996.541001007,10.282996541001006,1321407499.9999998,4322556762.116348,52856299.99999999,52856299.99999999,4786580307.801146,569736145.6847963,20619059.18705699,1057126.0
shaheen_ncc_h2_rising_decoupled,2036,Ulsan,22130929.276215024,13005074.574869508,6393745.7059314195,6.393745705931419,835944199.9999999,2544160201.1008806,33932359.99999999,32943175.999999993,2918199126.9231124,440914461.8222317,17559442.755415082,629188.0
shaheen_ncc_h2_rising_decoupled,2036,Other,432184.00829651015,331097.24179449957,0.0,0.0,0.0,0.0,0.0,0.0,0.0,0.0,548192.8769089505,0.0
shaheen_ncc_h2_rising_decoupled,2037,Daesan,19800108.505871844,7407025.911225096,10163636.675714478,10.163636675714478,1290245950.0,4276296746.0419936,51609838.0,51609838.0,4735759712.443659,562682642.4016658,14228572.97631012,1053262.0
shaheen_ncc_h2_rising_decoupled,2037,Yeosu,25771247.357066404,11806689.50138702,10388972.419451501,10.388972419451502,1294979349.9999998,4290565976.7469783,51799173.99999999,51799173.99999999,4756703774.431775,569736145.6847963,20619059.18705699,1057126.0
shaheen_ncc_h2_rising_decoupled,2037,Ulsan,22130929.276215024,11822384.497688117,7177933.762847199,7.177933762847199,918054200.0,2854373793.8290567,37209032.0,36235304.0,3262432849.4048295,481503391.57577306,17777683.620604366,709688.0
shaheen_ncc_h2_rising_decoupled,2037,Other,432184.00829651015,315747.841241049,0.0,0.0,0.0,0.0,0.0,0.0,0.0,0.0,548192.8769089505,0.0
shaheen_ncc_h2_rising_decoupled,2038,Daesan,19800108.505871844,7010048.725186045,10267762.914775139,10.267762914775139,1263914400.0,4244496535.3739266,50556576.0,50556576.0,4706066025.775593,562682642.4016658,14228572.97631012,1053262.0
shaheen_ncc_h2_rising_decoupled,2038,Yeosu,25771247.357066404,9418919.78962989,12355167.126760786,12.355167126760787,1519711200.0,5103837508.8052,60788447.99999999,60788447.99999999,5657527975.849203,675267363.0440037,21186485.43654914,1266426.0
shaheen_ncc_h2_rising_decoupled,2038,Ulsan,22130929.276215024,11326387.124673259,7262706.8075312525,7.262706807531252,899539200.0,2834703477.9155197,36460704.0,35502432.0,3244243733.4912925,481503391.57577306,17777683.620604366,709688.0
shaheen_ncc_h2_rising_decoupled,2038,Other,432184.00829651015,300453.2599752893,0.0,0.0,0.0,0.0,0.0,0.0,0.0,0.0,548192.8769089505,0.0
shaheen_ncc_h2_rising_decoupled,2039,Daesan,19800108.505871844,6613071.539146991,10371889.1538358,10.371889153835799,1237582850.0,4212801006.626287,49503314.0,49503314.0,4676477021.027952,562682642.4016658,14228572.97631012,1053262.0
shaheen_ncc_h2_rising_decoupled,2039,Yeosu,25771247.357066404,8827816.84595017,12482180.281448195,12.482180281448194,1488050550.0,5065703211.576474,59522021.99999999,59522021.99999999,5621926530.620478,675267363.0440037,21186485.43654914,1266426.0
shaheen_ncc_h2_rising_decoupled,2039,Ulsan,22130929.276215024,10830389.751658395,7347479.852215304,7.347479852215304,881024200.0,2815098728.1290455,35712376.0,34769560.0,3226120183.7048182,481503391.57577306,17777683.620604366,709688.0
shaheen_ncc_h2_rising_decoupled,2039,Other,432184.00829651015,285158.67870952946,0.0,0.0,0.0,0.0,0.0,0.0,0.0,0.0,548192.8769089505,0.0
shaheen_ncc_h2_rising_decoupled,2040,Daesan,19800108.505871844,5574870.0292018745,11136758.623588178,11.136758623588179,1294753950.0,4470015852.193373,51790158.0,51790158.0,4965729393.232733,599293857.03936,14425426.23671086,1125873.0
shaheen_ncc_h2_rising_decoupled,2040,Yeosu,25771247.357066404,8234595.253726794,12609648.680417636,12.609648680417637,1456389900.0,5027767185.497962,58255595.99999999,58255595.99999999,5586523356.5419655,675267363.0440037,21186485.43654914,1266426.0
shaheen_ncc_h2_rising_decoupled,2040,Ulsan,22130929.276215024,9453064.922261003,8340382.4888057355,8.340382488805735,977302200.0,3192555017.2241163,39555768.0,38628408.0,3646204505.6942806,531833664.47016424,18048302.293439083,809508.0
shaheen_ncc_h2_rising_decoupled,2040,Other,432184.00829651015,269809.27815607894,0.0,0.0,0.0,0.0,0.0,0.0,0.0,0.0,548192.8769089505,0.0
shaheen_ncc_h2_rising_decoupled,2041,Daesan,19800108.505871844,5374356.604511593,11192336.633160844,11.192336633160844,1266607125.0,4436481652.789196,50664285.0,50664285.0,4934446939.828556,599293857.03936,14425426.23671086,1125873.0
shaheen_ncc_h2_rising_decoupled,2041,Yeosu,25771247.357066404,7940103.10615876,12672927.635620326,12.672927635620326,1424729250.0,4990067272.387238,56989169.99999999,56989169.99999999,5551356295.431242,675267363.0440037,21186485.43654914,1266426.0
shaheen_ncc_h2_rising_decoupled,2041,Ulsan,22130929.276215024,8105177.889041701,9521486.254130812,9.521486254130812,1095757950.0,3659393376.3624415,44286270.0,43374366.0,4166073356.653059,594340616.2906178,18384393.225830585,933478.0
shaheen_ncc_h2_rising_decoupled,2041,Other,432184.00829651015,262189.3971670445,0.0,0.0,0.0,0.0,0.0,0.0,0.0,0.0,548192.8769089505,0.0
shaheen_ncc_h2_rising_decoupled,2042,Daesan,19800108.505871844,4385457.134059082,12062704.289706431,12.062704289706431,1335865300.0,4749790962.498271,53434612.0,53434612.0,5286863418.266527,643941679.7682555,14665491.188419078,1214423.0
shaheen_ncc_h2_rising_decoupled,2042,Yeosu,25771247.357066404,7643492.310047072,12736661.835105047,12.736661835105046,1393068600.0,4952451652.086725,55722743.99999999,55722743.99999999,5516273527.130728,675267363.0440037,21186485.43654914,1266426.0
shaheen_ncc_h2_rising_decoupled,2042,Ulsan,22130929.276215024,6560070.651471525,10908152.794633197,10.908152794633196,1231038199.9999998,4200758124.2768826,49689751.99999999,48793303.99999999,4769675758.123874,667400689.8469921,18777226.783171307,1078378.0
shaheen_ncc_h2_rising_decoupled,2042,Other,432184.00829651015,254514.69689031917,0.0,0.0,0.0,0.0,0.0,0.0,0.0,0.0,548192.8769089505,0.0
shaheen_ncc_h2_rising_decoupled,2043,Daesan,19800108.505871844,2599531.4324962716,13761101.235604942,13.761101235604942,1495887225.0,5401977831.788448,59835489.0,59835489.0,6015544179.014495,733237325.2260463,15145621.091835514,1391523.0
shaheen_ncc_h2_rising_decoupled,2043,Yeosu,25771247.357066404,7346881.513935384,12800396.034589767,12.800396034589767,1361407949.9999998,4914963232.118001,54456317.99999999,54456317.99999999,5481317959.162004,675267363.0440037,21186485.43654914,1266426.0
shaheen_ncc_h2_rising_decoupled,2043,Ulsan,22130929.276215024,6297189.476507127,10969621.190759135,10.969621190759135,1203305949.9999998,4170406461.9737782,48572734.0,47691742.0,4741542675.820771,667400689.8469921,18777226.783171307,1078378.0
shaheen_ncc_h2_rising_decoupled,2043,Other,432184.00829651015,246839.9966135939,0.0,0.0,0.0,0.0,0.0,0.0,0.0,0.0,548192.8769089505,0.0
shaheen_ncc_h2_rising_decoupled,2044,Daesan,19800108.505871844,2389007.299319758,13830221.304466128,13.830221304466129,1461099150.0,5360961766.469206,58443966.0,58443966.0,5977311159.695251,733237325.2260463,15145621.091835514,1391523.0
shaheen_ncc_h2_rising_decoupled,2044,Yeosu,25771247.357066404,4727741.804668899,15275635.83521248,15.27563583521248,1602086850.0,5877928287.904157,64083474.0,64083474.0,6555806234.61407,806044894.7099137,21889657.50418903,1525797.0
shaheen_ncc_h2_rising_decoupled,2044,Ulsan,22130929.276215024,6036186.024221045,11030650.526912747,11.030650526912748,1175573700.0,4140318685.1752357,47455716.0,46590180.0,4713673479.022226,667400689.8469921,18777226.783171307,1078378.0
shaheen_ncc_h2_rising_decoupled,2044,Other,432184.00829651015,239220.11562455946,0.0,0.0,0.0,0.0,0.0,0.0,0.0,0.0,548192.8769089505,0.0
shaheen_ncc_h2_rising_decoupled,2045,Daesan,19800108.505871844,2176968.6040340606,13899838.640009768,13.899838640009769,1426311074.9999998,5319964839.019234,57052443.0,57052443.0,5939097278.245279,733237325.2260463,15145621.091835514,1391523.0
shaheen_ncc_h2_rising_decoupled,2045,Yeosu,25771247.357066404,4421286.59961025,15352687.131064905,15.352687131064904,1563941925.0,5833012414.774318,62557676.999999985,62557676.999999985,6513941955.484232,806044894.7099137,21889657.50418903,1525797.0
shaheen_ncc_h2_rising_decoupled,2045,Ulsan,22130929.276215024,4556065.088026264,12356695.875926144,12.356695875926144,1286462450.0,4627693288.142149,51883538.0,51033458.0,5260366383.97509,735590091.8329417,19143871.436689314,1213618.0
shaheen_ncc_h2_rising_decoupled,2045,Other,432184.00829651015,231545.41534783415,0.0,0.0,0.0,0.0,0.0,0.0,0.0,0.0,548192.8769089505,0.0
shaheen_ncc_h2_rising_decoupled,2046,Daesan,19800108.505871844,1964929.9087483636,13969455.97555341,13.96945597555341,1391522999.9999998,5279183941.08699,55660920.0,55660920.0,5901099426.313037,733237325.2260463,15145621.091835514,1391523.0
shaheen_ncc_h2_rising_decoupled,2046,Yeosu,25771247.357066404,2239071.2497380935,17380917.200463172,17.380917200463173,1733326000.0,6576208200.826692,69333040.0,69333040.0,7348225276.441236,910683155.6145432,22452282.454647016,1733326.0
shaheen_ncc_h2_rising_decoupled,2046,Ulsan,22130929.276215024,3735072.722645636,13000319.750294128,13.000319750294128,1316529200.0,4826035254.736243,53078479.99999999,52243855.99999999,5487150597.181876,766437678.445633,19309734.494233172,1274798.0
shaheen_ncc_h2_rising_decoupled,2046,Other,432184.00829651015,223870.71507110886,0.0,0.0,0.0,0.0,0.0,0.0,0.0,0.0,548192.8769089505,0.0
shaheen_ncc_h2_rising_decoupled,2047,Daesan,19800108.505871844,1752891.2134626668,14039073.311097052,14.039073311097052,1356734924.9999998,5238541852.002018,54269397.0,54269397.0,5863240383.228064,733237325.2260463,15145621.091835514,1391523.0
shaheen_ncc_h2_rising_decoupled,2047,Yeosu,25771247.357066404,1924739.2953730351,17468623.826680567,17.468623826680567,1689992850.0,6525534063.508024,67599714.0,67599714.0,7301017791.122568,910683155.6145432,22452282.454647016,1733326.0
shaheen_ncc_h2_rising_decoupled,2047,Ulsan,22130929.276215024,2646399.232040447,13924182.716812093,13.924182716812092,1371792450.0,5130031984.704005,55281281.99999999,54462113.99999999,5832185868.473605,811897279.7695993,19554164.263245177,1364958.0
shaheen_ncc_h2_rising_decoupled,2047,Other,432184.00829651015,216196.01479438358,0.0,0.0,0.0,0.0,0.0,0.0,0.0,0.0,548192.8769089505,0.0
shaheen_ncc_h2_rising_decoupled,2048,Daesan,19800108.505871844,1129504.9566268406,14873419.636767752,14.873419636767752,1487664150.0,5548357569.265173,59506566.0,57849393.0,6268890820.343267,837889210.078095,17553908.43188248,1391523.0
shaheen_ncc_h2_rising_decoupled,2048,Yeosu,25771247.357066404,1510341.9412833713,17742360.271063626,17.742360271063625,1686972490.0,6560329544.3701515,67478899.6,67075771.69999999,7361915898.545867,936141025.4757154,23038128.240204543,1733326.0
shaheen_ncc_h2_rising_decoupled,2048,Ulsan,22130929.276215024,1679579.2818604687,15222104.4349228,15.2221044349228,1553912430.0,5648371600.792534,62558353.199999996,60119798.9,6440832410.610502,915138961.9179679,21929999.504383713,1421308.0
shaheen_ncc_h2_rising_decoupled,2048,Other,432184.00829651015,208521.31451765826,0.0,0.0,0.0,0.0,0.0,0.0,0.0,0.0,548192.8769089505,0.0
shaheen_ncc_h2_rising_decoupled,2049,Daesan,19800108.505871844,628426.1334754799,15257646.993101347,15.257646993101348,1580702025.0,5725237194.037188,63228081.0,60292648.5,6499642374.514647,897925909.9774579,18935494.86494331,1391523.0
shaheen_ncc_h2_rising_decoupled,2049,Yeosu,25771247.357066404,724787.701470468,18409948.455501936,18.409948455501937,1845873854.9999998,6887983843.218984,73834954.19999999,71409481.14999999,7787754679.508352,1045015271.6393677,25543582.098620623,1733326.0
shaheen_ncc_h2_rising_decoupled,2049,Ulsan,22130929.276215024,843954.2184498316,15895471.832941448,15.895471832941448,1731124325.0,6044597235.106134,69639100.99999999,65080828.749999985,6949312028.384432,1039434723.0282973,24790338.888874486,1421308.0
shaheen_ncc_h2_rising_decoupled,2049,Other,432184.00829651015,189623.57665389974,11587.734641283387,0.011587734641283386,4604599.999999999,9083407.947904017,184183.99999999997,138137.99999999997,11400061.767656231,2638975.819752215,608921.9508896464,0.0
shaheen_ncc_h2_rising_decoupled,2050,Daesan,19800108.505871844,0.0,15776840.347779384,15.776840347779384,1720639200.0,5981610498.575846,68825568.0,64142883.0,6825984636.128973,977342588.5531261,20763060.435049877,1391523.0
shaheen_ncc_h2_rising_decoupled,2050,Yeosu,25771247.357066404,0.0,18935402.645529386,18.935402645529386,1980251700.0,7134980853.804808,79210068.0,75007485.0,8106036424.562389,1125273123.757582,27390505.061058544,1733326.0
shaheen_ncc_h2_rising_decoupled,2050,Ulsan,22130929.276215024,0.0,16588756.489553513,16.588756489553514,1934286200.0,6410312995.800616,77757847.99999999,70820357.99999999,7409779861.410591,1148045071.6099744,27289719.839892507,1421308.0
shaheen_ncc_h2_rising_decoupled,2050,Other,432184.00829651015,0.0,203824.96475440674,0.20382496475440673,94667999.99999999,150360429.7387739,3786719.9999999995,2840039.9999999995,185957282.85480934,42223613.11603545,1519858.0606000854,0.0
shaheen_ncc_h2_flat_coupled,2025,Daesan,17217485.657279864,17217485.657279864,0.0,0.0,0.0,0.0,0.0,0.0,0.0,0.0,9752183.842566231,0.0
shaheen_ncc_h2_flat_coupled,2025,Yeosu,22409780.310492523,22409780.310492523,0.0,0.0,0.0,0.0,0.0,0.0,0.0,0.0,15277933.230763266,0.0
shaheen_ncc_h2_flat_coupled,2025,Ulsan,19244286.3271435,19244286.3271435,0.0,0.0,0.0,0.0,0.0,0.0,0.0,0.0,13261121.675682966,0.0
shaheen_ncc_h2_flat_coupled,2025,Other,375812.18112740014,375812.18112740014,0.0,0.0,0.0,0.0,0.0,0.0,0.0,0.0,476689.4581816963,0.0
shaheen_ncc_h2_flat_coupled,2026,Daesan,19800108.505871844,15453299.246766672,4155048.1333335573,4.155048133333557,764105999.9999999,2051548241.338345,30564239.999999996,30564239.999999996,2237581468.2697845,247161706.93143958,12537419.185059909,454825.0
shaheen_ncc_h2_flat_coupled,2026,Yeosu,25771247.357066404,22629175.078923512,2838670.0521535464,2.8386700521535464,522026400.0,1401588710.0116832,20881056.0,20881056.0,1528683976.5524545,168857378.54077113,18473073.476825494,310730.0
shaheen_ncc_h2_flat_coupled,2026,Ulsan,22130929.276215024,17709084.85290699,4160984.1039243587,4.160984103924359,793665599.9999999,1902848100.894819,32380319.999999993,31112927.999999993,2176124304.1148868,336769451.22006774,17001857.65198724,434699.9999999999
shaheen_ncc_h2_flat_coupled,2026,Other,432184.00829651015,422645.4522382944,0.0,0.0,0.0,0.0,0.0,0.0,0.0,0.0,548192.8769089505,0.0
shaheen_ncc_h2_flat_coupled,2027,Daesan,19800108.505871844,13979050.361012524,5439569.919496927,5.439569919496927,952596749.9999999,2614907388.6556616,38103869.99999999,38103869.99999999,2860228594.8408084,321528946.18514705,12935311.78725192,591675.0
shaheen_ncc_h2_flat_coupled,2027,Yeosu,25771247.357066404,22307743.600426752,2856699.304660972,2.8566993046609723,500275300.0,1373271091.18515,20011012.0,20011012.0,1502106445.7259212,168857378.54077113,18473073.476825494,310730.0
shaheen_ncc_h2_flat_coupled,2027,Ulsan,22130929.276215024,17413252.529762406,4195956.107685254,4.195956107685254,760918199.9999999,1863047307.2203944,31047239.999999993,29826215.999999993,2138943302.4404619,336769451.22006774,17001857.65198724,434699.9999999999
shaheen_ncc_h2_flat_coupled,2027,Other,432184.00829651015,413106.8961800786,0.0,0.0,0.0,0.0,0.0,0.0,0.0,0.0,548192.8769089505,0.0
shaheen_ncc_h2_flat_coupled,2028,Daesan,19800108.505871844,13753975.935914341,5473900.231913918,5.473900231913918,911179499.9999999,2561805410.6304493,36447179.99999999,36447179.99999999,2810439996.8155966,321528946.18514705,12935311.78725192,591675.0
shaheen_ncc_h2_flat_coupled,2028,Yeosu,25771247.357066404,21986312.12192999,2874728.5571683985,2.8747285571683987,478524200.0,1345383521.7732701,19140968.0,19140968.0,1475958964.3140411,168857378.54077113,18473073.476825494,310730.0
shaheen_ncc_h2_flat_coupled,2028,Ulsan,22130929.276215024,16136721.452123612,5213995.908198037,5.213995908198037,891811199.9999999,2283927476.131421,36259775.99999999,35085119.99999999,2607096005.3602505,394513425.22882885,17310809.554865744,540959.9999999999
shaheen_ncc_h2_flat_coupled,2028,Other,432184.00829651015,403568.34012186277,0.0,0.0,0.0,0.0,0.0,0.0,0.0,0.0,548192.8769089505,0.0
shaheen_ncc_h2_flat_coupled,2029,Daesan,19800108.505871844,13528901.51081616,5508230.544330907,5.508230544330907,869762249.9999999,2508534296.148464,34790489.99999999,34790489.99999999,2760482262.3336115,321528946.18514705,12935311.78725192,591675.0
shaheen_ncc_h2_flat_coupled,2029,Yeosu,25771247.357066404,19827196.315170657,4736328.849002904,4.736328849002904,747877199.9999999,2156998197.50453,29915088.0,29915088.0,2373639169.7889013,276471148.2843714,19048847.47764452,508760.0
shaheen_ncc_h2_flat_coupled,2029,Ulsan,22130929.276215024,15835513.365868948,5255133.355821575,5.255133355821575,851625599.9999999,2235036985.176463,34629167.99999999,33500879.999999993,2561420362.405293,394513425.22882885,17310809.554865744,540959.9999999999
shaheen_ncc_h2_flat_coupled,2029,Other,432184.00829651015,394029.7840636471,0.0,0.0,0.0,0.0,0.0,0.0,0.0,0.0,548192.8769089505,0.0
shaheen_ncc_h2_flat_coupled,2030,Daesan,19800108.505871844,11651409.951193996,7201558.664209853,7.201558664209853,1076285000.0,3191302052.417017,43051400.0,43051400.0,3522968155.2834325,417768902.8664156,13450231.625382759,768775.0
shaheen_ncc_h2_flat_coupled,2030,Yeosu,25771247.357066404,19495746.36905965,4765848.246890711,4.765848246890711,712263999.9999999,2111940206.4162874,28490560.0,28490560.0,2331430234.700659,276471148.2843714,19048847.47764452,508760.0
shaheen_ncc_h2_flat_coupled,2030,Ulsan,22130929.276215024,15534305.279614286,5296270.803445114,5.296270803445114,811439999.9999999,2186941750.5003576,32998559.999999996,31916639.999999996,2516539975.729187,394513425.22882885,17310809.554865744,540959.9999999999
shaheen_ncc_h2_flat_coupled,2030,Other,432184.00829651015,384491.2280054315,0.0,0.0,0.0,0.0,0.0,0.0,0.0,0.0,548192.8769089505,0.0
shaheen_ncc_h2_flat_coupled,2031,Daesan,19800108.505871844,11464451.731601175,7237192.234635949,7.237192234635949,1057065624.9999999,3159355801.1926565,42282625.0,42282625.0,3492559454.059072,417768902.8664156,13450231.625382759,768775.0
shaheen_ncc_h2_flat_coupled,2031,Yeosu,25771247.357066404,15783578.499278493,8252672.611014187,8.252672611014187,1205386874.9999998,3602658081.1505795,48215475.0,48215475.0,3982614916.7228584,476387785.57227916,20118476.414125398,876645.0
shaheen_ncc_h2_flat_coupled,2031,Ulsan,22130929.276215024,15019100.878901772,5604980.385331596,5.604980385331596,837433449.9999999,2284819895.4434395,34030569.99999999,32964105.999999993,2628261982.959533,410436763.51609325,17396005.38262921,570261.9999999999
shaheen_ncc_h2_flat_coupled,2031,Other,432184.00829651015,376871.34701639693,0.0,0.0,0.0,0.0,0.0,0.0,0.0,0.0,548192.8769089505,0.0
shaheen_ncc_h2_flat_coupled,2032,Daesan,19800108.505871844,11277493.512008352,7272825.8050620435,7.272825805062044,1037846249.9999999,3127507574.046444,41513850.0,41513850.0,3462248776.912859,417768902.8664156,13450231.625382759,768775.0
shaheen_ncc_h2_flat_coupled,2032,Yeosu,25771247.357066404,15503931.677122144,8293306.075091693,8.293306075091692,1183470750.0,3566341097.525212,47338830.0,47338830.0,3948051223.0974913,476387785.57227916,20118476.414125398,876645.0
shaheen_ncc_h2_flat_coupled,2032,Ulsan,22130929.276215024,14777296.404083228,5639201.239074374,5.6392012390743735,822404099.9999999,2261133690.1760283,33421667.999999993,32370659.999999993,2605778125.692122,410436763.51609325,17396005.38262921,570261.9999999999
shaheen_ncc_h2_flat_coupled,2032,Other,432184.00829651015,369251.46602736256,0.0,0.0,0.0,0.0,0.0,0.0,0.0,0.0,548192.8769089505,0.0
shaheen_ncc_h2_flat_coupled,2033,Daesan,19800108.505871844,11090535.292415533,7308459.375488139,7.308459375488138,1018626874.9999999,3095828968.269571,40745075.0,40745075.0,3432107721.135987,417768902.8664156,13450231.625382759,768775.0
shaheen_ncc_h2_flat_coupled,2033,Yeosu,25771247.357066404,15224284.854965802,8333939.539169199,8.333939539169199,1161554625.0,3530217535.5450916,46462185.0,46462185.0,3913680951.1173706,476387785.57227916,20118476.414125398,876645.0
shaheen_ncc_h2_flat_coupled,2033,Ulsan,22130929.276215024,14535491.92926468,5673422.092817153,5.673422092817153,807374749.9999999,2237573306.6657276,32812765.999999993,31777213.999999993,2583420090.181822,410436763.51609325,17396005.38262921,570261.9999999999
shaheen_ncc_h2_flat_coupled,2033,Other,432184.00829651015,361631.5850383282,0.0,0.0,0.0,0.0,0.0,0.0,0.0,0.0,548192.8769089505,0.0
shaheen_ncc_h2_flat_coupled,2034,Daesan,19800108.505871844,10388348.715948146,7874934.76109464,7.87493476109464,1070569499.9999999,3283228334.388962,42822780.0,42822780.0,3643664293.1681843,446081518.7792219,13602058.692998048,823515.0
shaheen_ncc_h2_flat_coupled,2034,Yeosu,25771247.357066404,14061172.938521594,9284810.586335458,9.284810586335459,1261660399.9999998,3869733375.390428,50466415.99999999,50466415.99999999,4293736138.013196,524935594.62276757,20378815.180065736,970508.0
shaheen_ncc_h2_flat_coupled,2034,Ulsan,22130929.276215024,13960304.39999788,6051128.82697078,6.05112882697078,838391399.9999999,2355771712.600135,34045703.99999999,33025607.999999993,2717457092.059809,428756691.45967376,17494246.42638028,605681.9999999999
shaheen_ncc_h2_flat_coupled,2034,Other,432184.00829651015,354011.7040492937,0.0,0.0,0.0,0.0,0.0,0.0,0.0,0.0,548192.8769089505,0.0
shaheen_ncc_h2_flat_coupled,2035,Daesan,19800108.505871844,9646944.901937423,8484830.400725752,8.484830400725752,1124496450.0,3480898312.018355,44979858.0,44979858.0,3867247995.9044843,476309399.8861298,13764156.415187314,881958.0
shaheen_ncc_h2_flat_coupled,2035,Yeosu,25771247.357066404,12959294.909943508,10177399.147830697,10.177399147830696,1347835649.9999998,4172960897.0950346,53913425.99999999,53913425.99999999,4634870190.77983,569736145.6847963,20619059.18705699,1057126.0
shaheen_ncc_h2_flat_coupled,2035,Ulsan,22130929.276215024,12816157.0120799,7008083.8274408,7.0080838274408,955084200.0,2743439012.9554467,38705688.0,37701048.0,3148535668.531221,481503391.57577306,17777683.620604366,709688.0
shaheen_ncc_h2_flat_coupled,2035,Other,432184.00829651015,346391.82306025934,0.0,0.0,0.0,0.0,0.0,0.0,0.0,0.0,548192.8769089505,0.0
shaheen_ncc_h2_flat_coupled,2036,Daesan,19800108.505871844,8645131.665858062,9202026.934574284,9.202026934574283,1193211250.0,3730107120.7516594,47728450.0,47728450.0,4147570835.275483,512920614.52382404,13961009.675588053,954569.0
shaheen_ncc_h2_flat_coupled,2036,Yeosu,25771247.357066404,12384023.158624612,10282996.541001007,10.282996541001006,1321407499.9999998,4129801882.935624,52856299.99999999,52856299.99999999,4593825428.62042,569736145.6847963,20619059.18705699,1057126.0
shaheen_ncc_h2_flat_coupled,2036,Ulsan,22130929.276215024,12320159.639065037,7092856.872124853,7.092856872124853,936569200.0,2714402937.597743,37957360.0,36968176.0,3120980793.173517,481503391.57577306,17777683.620604366,709688.0
shaheen_ncc_h2_flat_coupled,2036,Other,432184.00829651015,331097.24179449957,0.0,0.0,0.0,0.0,0.0,0.0,0.0,0.0,548192.8769089505,0.0
shaheen_ncc_h2_flat_coupled,2037,Daesan,19800108.505871844,8254223.394941597,9296391.83590124,9.29639183590124,1169347025.0,3691169259.92692,46773881.0,46773881.0,4110542112.4507446,512920614.52382404,13961009.675588053,954569.0
shaheen_ncc_h2_flat_coupled,2037,Yeosu,25771247.357066404,11806689.50138702,10388972.419451501,10.388972419451502,1294979349.9999998,4086680615.5759954,51799173.99999999,51799173.99999999,4552818413.260792,569736145.6847963,20619059.18705699,1057126.0
shaheen_ncc_h2_flat_coupled,2037,Ulsan,22130929.276215024,11048435.73605477,7970196.585515085,7.970196585515085,1028500200.0,3035863305.1709166,41626872.0,40653144.0,3480546282.0706563,526962992.8997393,18022113.38961637,799848.0
shaheen_ncc_h2_flat_coupled,2037,Other,432184.00829651015,315747.841241049,0.0,0.0,0.0,0.0,0.0,0.0,0.0,0.0,548192.8769089505,0.0
shaheen_ncc_h2_flat_coupled,2038,Daesan,19800108.505871844,6363809.107695487,11157838.891897576,11.157838891897576,1939728000.0,4540927575.653994,77589119.99999999,71702316.0,5235035260.020432,843399120.3664398,20042865.579925224,1125873.0
shaheen_ncc_h2_flat_coupled,2038,Yeosu,25771247.357066404,11216084.481865002,10632211.100441637,10.632211100441637,1796875920.0,4246330041.9726954,71875036.79999998,66591789.599999994,4892189329.400531,784326113.8278351,25557281.793468516,1057126.0
shaheen_ncc_h2_flat_coupled,2038,Ulsan,22130929.276215024,10521599.736120481,8318861.677565941,8.318861677565941,1782720799.9999998,3317016096.2730465,71787968.0,63079800.0,4045259113.0131617,863110784.7401143,25757668.966263697,799848.0
shaheen_ncc_h2_flat_coupled,2038,Other,432184.00829651015,297436.2224594367,8888.432251826987,0.008888432251826988,119011199.99999999,40925390.02818192,4760447.999999999,3570335.9999999995,74818219.14421736,42223613.11603545,1519858.0606000854,0.0
shaheen_ncc_h2_flat_coupled,2039,Daesan,19800108.505871844,5804613.1580155725,11452494.483170591,11.452494483170591,1901546850.0,4494586757.059088,76061874.0,70275413.24999999,5191648590.175527,843399120.3664398,20042865.579925224,1125873.0
shaheen_ncc_h2_flat_coupled,2039,Yeosu,25771247.357066404,10503036.319827233,10889785.460915541,10.889785460915542,1761442235.0,4202847968.774425,70457689.39999999,65264497.55,4851451895.652261,784326113.8278351,25557281.793468516,1057126.0
shaheen_ncc_h2_flat_coupled,2039,Ulsan,22130929.276215024,9802960.771961724,8655461.301880552,8.655461301880552,1748741749.9999998,3283606910.4121876,70421078.0,61860466.49999999,4014436150.6523027,863110784.7401143,25757668.966263697,799848.0
shaheen_ncc_h2_flat_coupled,2039,Other,432184.00829651015,255032.1825686943,36679.58839297148,0.036679588392971474,116982599.99999999,40783388.02818192,4679303.999999999,3509477.9999999995,74818219.14421736,42223613.11603545,1519858.0606000854,0.0
shaheen_ncc_h2_flat_coupled,2040,Daesan,19800108.505871844,5243412.9217776675,11748206.187673975,11.748206187673976,1863365700.0,4448389494.983237,74534628.0,68848510.5,5148405476.849676,843399120.3664398,20042865.579925224,1125873.0
shaheen_ncc_h2_flat_coupled,2040,Yeosu,25771247.357066404,7943215.341825265,13051788.62315756,13.051788623157561,1966703550.0,4947641746.288303,78668141.99999999,73565005.5,5685265929.975346,889857331.1870425,26124708.042960666,1266426.0
shaheen_ncc_h2_flat_coupled,2040,Ulsan,22130929.276215024,9081746.040906336,8993267.376461523,8.993267376461523,1714762700.0,3250299710.649807,69054188.0,60641133.0,3983715174.389922,863110784.7401143,25757668.966263697,799848.0
shaheen_ncc_h2_flat_coupled,2040,Other,432184.00829651015,212476.15687189193,64570.35441275804,0.06457035441275803,114953999.99999999,40641386.02818192,4598159.999999999,3448619.9999999995,74818219.14421736,42223613.11603545,1519858.0606000854,0.0
shaheen_ncc_h2_flat_coupled,2041,Daesan,19800108.505871844,4964817.090216707,11895005.926695298,11.895005926695298,1825184550.0,4402434646.045449,73007382.0,67421607.75,5105404776.661889,843399120.3664398,20042865.579925224,1125873.0
shaheen_ncc_h2_flat_coupled,2041,Yeosu,25771247.357066404,7580081.900028111,13190783.701855585,13.190783701855585,1926037365.0,4896109636.871602,77041494.6,72028413.44999999,5636897060.008645,889857331.1870425,26124708.042960666,1266426.0
shaheen_ncc_h2_flat_coupled,2041,Ulsan,22130929.276215024,8723714.442275273,9160963.96348565,9.160963963485651,1680783650.0,3217164727.1708384,67687298.0,59421799.49999999,3953166414.4109535,863110784.7401143,25757668.966263697,799848.0
shaheen_ncc_h2_flat_coupled,2041,Other,432184.00829651015,191350.12982955074,78416.12754400923,0.07841612754400923,112925399.99999999,40499384.02818192,4517015.999999999,3387761.9999999995,74818219.14421736,42223613.11603545,1519858.0606000854,0.0
shaheen_ncc_h2_flat_coupled,2042,Daesan,19800108.505871844,4684216.972097752,12042861.77894699,12.04286177894699,1787003400.0,4356523747.282538,71480136.0,65994704.99999999,5062448026.648977,843399120.3664398,20042865.579925224,1125873.0
shaheen_ncc_h2_flat_coupled,2042,Yeosu,25771247.357066404,7214335.987426662,13330778.74514856,13.33077874514856,1885371180.0,4844626964.331146,75414847.19999999,70491821.39999999,5588577626.91819,889857331.1870425,26124708.042960666,1266426.0
shaheen_ncc_h2_flat_coupled,2042,Ulsan,22130929.276215024,6617523.306149325,11136331.659533352,11.13633165953335,1862866599.9999998,3907919206.828496,74962887.99999999,66844945.999999985,4728259146.167252,962147773.3387552,26290176.67732556,996268.0
shaheen_ncc_h2_flat_coupled,2042,Other,432184.00829651015,170072.11698114953,92361.51055390252,0.09236151055390253,110896799.99999999,40357382.02818192,4435871.999999999,3326903.9999999995,74818219.14421736,42223613.11603545,1519858.0606000854,0.0
shaheen_ncc_h2_flat_coupled,2043,Daesan,19800108.505871844,3613312.4415163277,13009653.931101276,13.009653931101276,1844013500.0,4633541578.3601,73760539.99999999,68375452.25,5379452529.205434,888046943.0953352,20282930.531633444,1214423.0
shaheen_ncc_h2_flat_coupled,2043,Yeosu,25771247.357066404,6848590.074825213,13470773.788441537,13.470773788441537,1844704995.0,4793305769.779951,73788199.8,68955229.35,5540419671.816993,889857331.1870425,26124708.042960666,1266426.0
shaheen_ncc_h2_flat_coupled,2043,Ulsan,22130929.276215024,6249460.832666768,11315319.648759652,11.315319648759653,1823977049.9999998,3867055395.5321317,73399578.0,65429192.49999999,4690374398.370887,962147773.3387552,26290176.67732556,996268.0
shaheen_ncc_h2_flat_coupled,2043,Other,432184.00829651015,148794.10413274833,106306.89356379582,0.10630689356379582,108868199.99999999,40215380.02818192,4354727.999999999,3266045.9999999995,74818219.14421736,42223613.11603545,1519858.0606000854,0.0
shaheen_ncc_h2_flat_coupled,2044,Daesan,19800108.505871844,1744097.0765441903,14807868.329216309,14.807868329216308,1989573600.0,5223008330.358595,79582944.0,74298199.49999999,6046469775.41172,977342588.5531261,20763060.435049877,1391523.0
shaheen_ncc_h2_flat_coupled,2044,Yeosu,25771247.357066404,6485456.63302806,13609768.867139561,13.609768867139561,1804038810.0,4742254721.050205,72161552.4,67418637.3,5492531862.537249,889857331.1870425,26124708.042960666,1266426.0
shaheen_ncc_h2_flat_coupled,2044,Ulsan,22130929.276215024,5884027.376851942,11493029.152348619,11.493029152348619,1785087499.9999998,3826404101.6961203,71836267.99999999,64013438.99999999,4652702168.034876,962147773.3387552,26290176.67732556,996268.0
shaheen_ncc_h2_flat_coupled,2044,Other,432184.00829651015,127668.07709040718,120152.666695047,0.120152666695047,106839599.99999999,40073378.02818192,4273583.999999999,3205187.9999999995,74818219.14421736,42223613.11603545,1519858.0606000854,0.0
shaheen_ncc_h2_flat_coupled,2045,Daesan,19800108.505871844,1453414.230453492,14969363.665643487,14.969363665643487,1944751200.0,5166961835.812275,77790048.0,72605646.75,5993908729.6154,977342588.5531261,20763060.435049877,1391523.0
shaheen_ncc_h2_flat_coupled,2045,Yeosu,25771247.357066404,6119710.720426611,13749763.910432536,13.749763910432536,1763372625.0,4691255639.157321,70534905.0,65882045.25,5444696020.094364,889857331.1870425,26124708.042960666,1266426.0
shaheen_ncc_h2_flat_coupled,2045,Ulsan,22130929.276215024,4400161.788908199,12831212.681721758,12.831212681721759,1873267199.9999998,4227826696.6936746,75355728.0,67680455.5,5109445238.352883,1024654725.1592089,26626267.609717067,1120238.0
shaheen_ncc_h2_flat_coupled,2045,Other,432184.00829651015,106390.06424200597,134098.0497049403,0.1340980497049403,104810999.99999999,39931376.02818192,4192439.9999999995,3144329.9999999995,74818219.14421736,42223613.11603545,1519858.0606000854,0.0
shaheen_ncc_h2_flat_coupled,2046,Daesan,19800108.505871844,1162731.3843627933,15130859.002070665,15.130859002070665,1899928800.0,5111092769.979555,75997152.0,70913094.0,5941525112.5326805,977342588.5531261,20763060.435049877,1391523.0
shaheen_ncc_h2_flat_coupled,2046,Yeosu,25771247.357066404,3878204.6630116496,15840937.727271354,15.840937727271355,1930235440.0,5372165324.06838,77209417.6,72646613.19999999,6216804885.360052,994495592.091672,26687332.993418653,1473955.0
shaheen_ncc_h2_flat_coupled,2046,Ulsan,22130929.276215024,4027394.042372161,13016565.763563285,13.016565763563285,1831278399.9999998,4182428548.02862,73668447.99999999,66140731.99999999,5067274093.187829,1024654725.1592089,26626267.609717067,1120238.0
shaheen_ncc_h2_flat_coupled,2046,Other,432184.00829651015,85112.05139360478,148043.4327148336,0.14804343271483358,102782399.99999999,39789374.02818192,4111295.9999999995,3083471.9999999995,74818219.14421736,42223613.11603545,1519858.0606000854,0.0
shaheen_ncc_h2_flat_coupled,2047,Daesan,19800108.505871844,872048.5382720951,15292354.338497845,15.292354338497846,1855106400.0,5055401132.860434,74204256.0,69220541.25,5889318924.163559,977342588.5531261,20763060.435049877,1391523.0
shaheen_ncc_h2_flat_coupled,2047,Yeosu,25771247.357066404,3504582.0011037877,15991588.1009293,15.991588100929299,1884381030.0,5313288212.026305,75375241.19999999,70902492.15,6161506070.767977,994495592.091672,26687332.993418653,1473955.0
shaheen_ncc_h2_flat_coupled,2047,Ulsan,22130929.276215024,1988725.5516183472,14936977.711547812,14.936977711547813,1968241099.9999998,4777082302.597312,79139227.99999999,71759068.49999999,5743381491.094595,1117197484.997283,27123856.782348648,1303778.0
shaheen_ncc_h2_flat_coupled,2047,Other,432184.00829651015,63834.03854520359,161988.81572472685,0.16198881572472684,100753799.99999999,39647372.02818192,4030151.9999999995,3022613.9999999995,74818219.14421736,42223613.11603545,1519858.0606000854,0.0
shaheen_ncc_h2_flat_coupled,2048,Daesan,19800108.505871844,581365.6921813966,15453849.674925026,15.453849674925026,1810284000.0,4999886924.454912,72411360.0,67527988.5,5837290164.508038,977342588.5531261,20763060.435049877,1391523.0
shaheen_ncc_h2_flat_coupled,2048,Yeosu,25771247.357066404,3130959.3391959267,16142238.474587247,16.14223847458725,1838526620.0,5254599039.342439,73541064.8,69158371.1,6106395195.534111,994495592.091672,26687332.993418653,1473955.0
shaheen_ncc_h2_flat_coupled,2048,Ulsan,22130929.276215024,1051369.2257872603,15713248.606919881,15.713248606919882,1979784800.0,4935633381.083564,79593248.0,72360644.99999999,5931724559.693537,1148045071.6099744,27289719.839892507,1364958.0
shaheen_ncc_h2_flat_coupled,2048,Other,432184.00829651015,42556.02569680239,175934.19873462015,0.17593419873462016,98725199.99999999,39505370.02818192,3949007.9999999995,2961755.9999999995,74818219.14421736,42223613.11603545,1519858.0606000854,0.0
shaheen_ncc_h2_flat_coupled,2049,Daesan,19800108.505871844,290682.8460906983,15615345.011352204,15.615345011352204,1765461600.0,4944664913.640554,70618464.0,65835435.74999999,5785553602.443681,977342588.5531261,20763060.435049877,1391523.0
shaheen_ncc_h2_flat_coupled,2049,Yeosu,25771247.357066404,383467.07085481955,18771435.17550373,18.77143517550373,2032590385.0,6080133243.822118,81303615.4,77010977.05,7047091775.1297,1125273123.757582,27390505.061058544,1733326.0
shaheen_ncc_h2_flat_coupled,2049,Ulsan,22130929.276215024,669313.1480287652,15911166.546910949,15.911166546910948,1931678000.0,4881168057.196937,77661247.99999999,70576201.49999999,5880975679.3069105,1148045071.6099744,27289719.839892507,1364958.0
shaheen_ncc_h2_flat_coupled,2049,Other,432184.00829651015,21278.012848401195,189879.58174451347,0.18987958174451347,96696599.99999999,39363368.02818192,3867863.9999999995,2900897.9999999995,74818219.14421736,42223613.11603545,1519858.0606000854,0.0
shaheen_ncc_h2_flat_coupled,2050,Daesan,19800108.505871844,0.0,15776840.347779384,15.776840347779384,1720639200.0,4889504636.0392275,68825568.0,64142883.0,5733878773.592354,977342588.5531261,20763060.435049877,1391523.0
shaheen_ncc_h2_flat_coupled,2050,Yeosu,25771247.357066404,0.0,18935402.645529386,18.935402645529386,1980251700.0,6011668368.271992,79210068.0,75007485.0,6982723939.029573,1125273123.757582,27390505.061058544,1733326.0
shaheen_ncc_h2_flat_coupled,2050,Ulsan,22130929.276215024,0.0,16588756.489553513,16.588756489553514,1934286200.0,5033242985.948691,77757847.99999999,70820357.99999999,6032709851.558664,1148045071.6099744,27289719.839892507,1421308.0
shaheen_ncc_h2_flat_coupled,2050,Other,432184.00829651015,0.0,203824.96475440674,0.20382496475440673,94667999.99999999,39221366.02818192,3786719.9999999995,2840039.9999999995,74818219.14421736,42223613.11603545,1519858.0606000854,0.0
shaheen_ncc_h2_flat_decoupled,2025,Daesan,17217485.657279864,17217485.657279864,0.0,0.0,0.0,0.0,0.0,0.0,0.0,0.0,9752183.842566231,0.0
shaheen_ncc_h2_flat_decoupled,2025,Yeosu,22409780.310492523,22409780.310492523,0.0,0.0,0.0,0.0,0.0,0.0,0.0,0.0,15277933.230763266,0.0
shaheen_ncc_h2_flat_decoupled,2025,Ulsan,19244286.3271435,19244286.3271435,0.0,0.0,0.0,0.0,0.0,0.0,0.0,0.0,13261121.675682966,0.0
shaheen_ncc_h2_flat_decoupled,2025,Other,375812.18112740014,375812.18112740014,0.0,0.0,0.0,0.0,0.0,0.0,0.0,0.0,476689.4581816963,0.0
shaheen_ncc_h2_flat_decoupled,2026,Daesan,19800108.505871844,15453299.246766672,4155048.1333335573,4.155048133333557,764105999.9999999,2051548035.4339337,30564239.999999996,30564239.999999996,2237581262.365373,247161706.93143958,12537419.185059909,454825.0
shaheen_ncc_h2_flat_decoupled,2026,Yeosu,25771247.357066404,22629175.078923512,2838670.0521535464,2.8386700521535464,522026400.0,1401588569.340705,20881056.0,20881056.0,1528683835.8814762,168857378.54077113,18473073.476825494,310730.0
shaheen_ncc_h2_flat_decoupled,2026,Ulsan,22130929.276215024,17709084.85290699,4160984.1039243587,4.160984103924359,793665599.9999999,1902847904.101223,32380319.999999993,31112927.999999993,2176124107.321291,336769451.22006774,17001857.65198724,434699.9999999999
shaheen_ncc_h2_flat_decoupled,2026,Other,432184.00829651015,422645.4522382944,0.0,0.0,0.0,0.0,0.0,0.0,0.0,0.0,548192.8769089505,0.0
shaheen_ncc_h2_flat_decoupled,2027,Daesan,19800108.505871844,15235148.15294663,4181438.101381992,4.181438101381992,732268249.9999999,2010098923.5339336,29290729.999999996,29290729.999999996,2198679170.465373,247161706.93143958,12537419.185059909,454825.0
shaheen_ncc_h2_flat_decoupled,2027,Yeosu,25771247.357066404,22307743.600426752,2856699.304660972,2.8566993046609723,500275300.0,1373271122.9807048,20011012.0,20011012.0,1502106477.5214758,168857378.54077113,18473073.476825494,310730.0
shaheen_ncc_h2_flat_decoupled,2027,Ulsan,22130929.276215024,16437929.538378278,5172858.460574499,5.172858460574499,931996799.9999999,2332663383.394106,37890383.99999999,36669359.99999999,2652617064.622935,394513425.22882885,17310809.554865744,540959.9999999999
shaheen_ncc_h2_flat_decoupled,2027,Other,432184.00829651015,413106.8961800786,0.0,0.0,0.0,0.0,0.0,0.0,0.0,0.0,548192.8769089505,0.0
shaheen_ncc_h2_flat_decoupled,2028,Daesan,19800108.505871844,13753975.935914341,5473900.231913918,5.473900231913918,911179499.9999999,2561805209.6240106,36447179.99999999,36447179.99999999,2810439795.8091574,321528946.18514705,12935311.78725192,591675.0
shaheen_ncc_h2_flat_decoupled,2028,Yeosu,25771247.357066404,21986312.12192999,2874728.5571683985,2.8747285571683987,478524200.0,1345383416.2107048,19140968.0,19140968.0,1475958858.751476,168857378.54077113,18473073.476825494,310730.0
shaheen_ncc_h2_flat_decoupled,2028,Ulsan,22130929.276215024,16136721.452123612,5213995.908198037,5.213995908198037,891811199.9999999,2283927292.354106,36259775.99999999,35085119.99999999,2607095821.5829353,394513425.22882885,17310809.554865744,540959.9999999999
shaheen_ncc_h2_flat_decoupled,2028,Other,432184.00829651015,403568.34012186277,0.0,0.0,0.0,0.0,0.0,0.0,0.0,0.0,548192.8769089505,0.0
shaheen_ncc_h2_flat_decoupled,2029,Daesan,19800108.505871844,11885443.981475657,7156952.612021791,7.156952612021791,1130099250.0,3259388159.528816,45203970.0,45203970.0,3586749122.395232,417768902.8664156,13450231.625382759,768775.0
shaheen_ncc_h2_flat_decoupled,2029,Yeosu,25771247.357066404,21664880.64343322,2892757.809675825,2.8927578096758246,456773100.0,1317407151.390705,18270924.0,18270924.0,1449722681.931476,168857378.54077113,18473073.476825494,310730.0
shaheen_ncc_h2_flat_decoupled,2029,Ulsan,22130929.276215024,15835513.365868948,5255133.355821575,5.255133355821575,851625599.9999999,2235037027.714106,34629167.99999999,33500879.999999993,2561420404.9429355,394513425.22882885,17310809.554865744,540959.9999999999
shaheen_ncc_h2_flat_decoupled,2029,Other,432184.00829651015,394029.7840636471,0.0,0.0,0.0,0.0,0.0,0.0,0.0,0.0,548192.8769089505,0.0
shaheen_ncc_h2_flat_decoupled,2030,Daesan,19800108.505871844,11651409.951193996,7201558.664209853,7.201558664209853,1076285000.0,3191302370.428817,43051400.0,43051400.0,3522968473.295233,417768902.8664156,13450231.625382759,768775.0
shaheen_ncc_h2_flat_decoupled,2030,Yeosu,25771247.357066404,19495746.36905965,4765848.246890711,4.765848246890711,712263999.9999999,2111940416.87017,28490560.0,28490560.0,2331430445.1545415,276471148.2843714,19048847.47764452,508760.0
shaheen_ncc_h2_flat_decoupled,2030,Ulsan,22130929.276215024,15534305.279614286,5296270.803445114,5.296270803445114,811439999.9999999,2186941974.274106,32998559.999999996,31916639.999999996,2516540199.502936,394513425.22882885,17310809.554865744,540959.9999999999
shaheen_ncc_h2_flat_decoupled,2030,Other,432184.00829651015,384491.2280054315,0.0,0.0,0.0,0.0,0.0,0.0,0.0,0.0,548192.8769089505,0.0
shaheen_ncc_h2_flat_decoupled,2031,Daesan,19800108.505871844,11464451.731601175,7237192.234635949,7.237192234635949,1057065624.9999999,3159355925.303817,42282625.0,42282625.0,3492559578.170233,417768902.8664156,13450231.625382759,768775.0
shaheen_ncc_h2_flat_decoupled,2031,Yeosu,25771247.357066404,15783578.499278493,8252672.611014187,8.252672611014187,1205386874.9999998,3602658222.6762896,48215475.0,48215475.0,3982615058.248569,476387785.57227916,20118476.414125398,876645.0
shaheen_ncc_h2_flat_decoupled,2031,Ulsan,22130929.276215024,15019100.878901772,5604980.385331596,5.604980385331596,837433449.9999999,2284819987.506628,34030569.99999999,32964105.999999993,2628262075.022722,410436763.51609325,17396005.38262921,570261.9999999999
shaheen_ncc_h2_flat_decoupled,2031,Other,432184.00829651015,376871.34701639693,0.0,0.0,0.0,0.0,0.0,0.0,0.0,0.0,548192.8769089505,0.0
shaheen_ncc_h2_flat_decoupled,2032,Daesan,19800108.505871844,11277493.512008352,7272825.8050620435,7.272825805062044,1037846249.9999999,3127507883.3788166,41513850.0,41513850.0,3462249086.2452326,417768902.8664156,13450231.625382759,768775.0
shaheen_ncc_h2_flat_decoupled,2032,Yeosu,25771247.357066404,15503931.677122144,8293306.075091693,8.293306075091692,1183470750.0,3566341450.2612896,47338830.0,47338830.0,3948051575.833569,476387785.57227916,20118476.414125398,876645.0
shaheen_ncc_h2_flat_decoupled,2032,Ulsan,22130929.276215024,14777296.404083228,5639201.239074374,5.6392012390743735,822404099.9999999,2261133919.6326284,33421667.999999993,32370659.999999993,2605778355.148722,410436763.51609325,17396005.38262921,570261.9999999999
shaheen_ncc_h2_flat_decoupled,2032,Other,432184.00829651015,369251.46602736256,0.0,0.0,0.0,0.0,0.0,0.0,0.0,0.0,548192.8769089505,0.0
shaheen_ncc_h2_flat_decoupled,2033,Daesan,19800108.505871844,11090535.292415533,7308459.375488139,7.308459375488138,1018626874.9999999,3095828971.9538164,40745075.0,40745075.0,3432107724.8202324,417768902.8664156,13450231.625382759,768775.0
shaheen_ncc_h2_flat_decoupled,2033,Yeosu,25771247.357066404,15224284.854965802,8333939.539169199,8.333939539169199,1161554625.0,3530217539.74629,46462185.0,46462185.0,3913680955.318569,476387785.57227916,20118476.414125398,876645.0
shaheen_ncc_h2_flat_decoupled,2033,Ulsan,22130929.276215024,14535491.92926468,5673422.092817153,5.673422092817153,807374749.9999999,2237573309.398628,32812765.999999993,31777213.999999993,2583420092.9147224,410436763.51609325,17396005.38262921,570261.9999999999
shaheen_ncc_h2_flat_decoupled,2033,Other,432184.00829651015,361631.5850383282,0.0,0.0,0.0,0.0,0.0,0.0,0.0,0.0,548192.8769089505,0.0
shaheen_ncc_h2_flat_decoupled,2034,Daesan,19800108.505871844,10141342.180152394,8129426.572489953,8.129426572489953,1104685399.9999998,3388244380.8821883,44187416.0,44187416.0,3759524468.819608,459654919.9374202,13674846.375413615,849758.0
shaheen_ncc_h2_flat_decoupled,2034,Yeosu,25771247.357066404,14061172.938521594,9284810.586335458,9.284810586335459,1261660399.9999998,3869733276.330207,50466415.99999999,50466415.99999999,4293736038.952975,524935594.62276757,20378815.180065736,970508.0
shaheen_ncc_h2_flat_decoupled,2034,Ulsan,22130929.276215024,13960304.39999788,6051128.82697078,6.05112882697078,838391399.9999999,2355771650.77788,34045703.99999999,33025607.999999993,2717457030.2375546,428756691.45967376,17494246.42638028,605681.9999999999
shaheen_ncc_h2_flat_decoupled,2034,Other,432184.00829651015,354011.7040492937,0.0,0.0,0.0,0.0,0.0,0.0,0.0,0.0,548192.8769089505,0.0
shaheen_ncc_h2_flat_decoupled,2035,Daesan,19800108.505871844,9646944.901937423,8484830.400725752,8.484830400725752,1124496450.0,3480898562.6860533,44979858.0,44979858.0,3867248246.572183,476309399.8861298,13764156.415187314,881958.0
shaheen_ncc_h2_flat_decoupled,2035,Yeosu,25771247.357066404,12959294.909943508,10177399.147830697,10.177399147830696,1347835649.9999998,4172961197.5485053,53913425.99999999,53913425.99999999,4634870491.233301,569736145.6847963,20619059.18705699,1057126.0
shaheen_ncc_h2_flat_decoupled,2035,Ulsan,22130929.276215024,12816157.0120799,7008083.8274408,7.0080838274408,955084200.0,2743439214.661036,38705688.0,37701048.0,3148535870.2368097,481503391.57577306,17777683.620604366,709688.0
shaheen_ncc_h2_flat_decoupled,2035,Other,432184.00829651015,346391.82306025934,0.0,0.0,0.0,0.0,0.0,0.0,0.0,0.0,548192.8769089505,0.0
shaheen_ncc_h2_flat_decoupled,2036,Daesan,19800108.505871844,8645131.665858062,9202026.934574284,9.202026934574283,1193211250.0,3730107149.1152163,47728450.0,47728450.0,4147570863.63904,512920614.52382404,13961009.675588053,954569.0
shaheen_ncc_h2_flat_decoupled,2036,Yeosu,25771247.357066404,12384023.158624612,10282996.541001007,10.282996541001006,1321407499.9999998,4129801914.346505,52856299.99999999,52856299.99999999,4593825460.0313015,569736145.6847963,20619059.18705699,1057126.0
shaheen_ncc_h2_flat_decoupled,2036,Ulsan,22130929.276215024,12320159.639065037,7092856.872124853,7.092856872124853,936569200.0,2714402958.6850357,37957360.0,36968176.0,3120980814.2608094,481503391.57577306,17777683.620604366,709688.0
shaheen_ncc_h2_flat_decoupled,2036,Other,432184.00829651015,331097.24179449957,0.0,0.0,0.0,0.0,0.0,0.0,0.0,0.0,548192.8769089505,0.0
shaheen_ncc_h2_flat_decoupled,2037,Daesan,19800108.505871844,8254223.394941597,9296391.83590124,9.29639183590124,1169347025.0,3691169325.036216,46773881.0,46773881.0,4110542177.56004,512920614.52382404,13961009.675588053,954569.0
shaheen_ncc_h2_flat_decoupled,2037,Yeosu,25771247.357066404,10010022.733309614,12228153.972073376,12.228153972073375,1551371849.9999998,4900274331.832193,62054873.99999999,62054873.99999999,5451431946.876197,675267363.0440037,21186485.43654914,1266426.0
shaheen_ncc_h2_flat_decoupled,2037,Ulsan,22130929.276215024,11822384.497688117,7177933.762847199,7.177933762847199,918054200.0,2685392251.4770355,37209032.0,36235304.0,3093451307.0528097,481503391.57577306,17777683.620604366,709688.0
shaheen_ncc_h2_flat_decoupled,2037,Other,432184.00829651015,315747.841241049,0.0,0.0,0.0,0.0,0.0,0.0,0.0,0.0,548192.8769089505,0.0
shaheen_ncc_h2_flat_decoupled,2038,Daesan,19800108.505871844,7864711.224992692,9390419.719723454,9.390419719723454,1145482800.0,3652352731.2202163,45819312.0,45819312.0,4073634721.74404,512920614.52382404,13961009.675588053,954569.0
shaheen_ncc_h2_flat_decoupled,2038,Yeosu,25771247.357066404,9418919.78962989,12355167.126760786,12.355167126760787,1519711200.0,4848776384.968194,60788447.99999999,60788447.99999999,5402466852.0121975,675267363.0440037,21186485.43654914,1266426.0
shaheen_ncc_h2_flat_decoupled,2038,Ulsan,22130929.276215024,11326387.124673259,7262706.8075312525,7.262706807531252,899539200.0,2656471674.6450357,36460704.0,35502432.0,3066011930.22081,481503391.57577306,17777683.620604366,709688.0
shaheen_ncc_h2_flat_decoupled,2038,Other,432184.00829651015,300453.2599752893,0.0,0.0,0.0,0.0,0.0,0.0,0.0,0.0,548192.8769089505,0.0
shaheen_ncc_h2_flat_decoupled,2039,Daesan,19800108.505871844,5804613.1580155725,11452494.483170591,11.452494483170591,1901546850.0,4494586334.461562,76061874.0,70275413.24999999,5191648167.578002,843399120.3664398,20042865.579925224,1125873.0
shaheen_ncc_h2_flat_decoupled,2039,Yeosu,25771247.357066404,8674707.167028163,12771798.536571609,12.771798536571609,2007369735.0,4999446056.132841,80294789.39999999,75101597.55,5733907000.3698845,889857331.1870425,26124708.042960666,1266426.0
shaheen_ncc_h2_flat_decoupled,2039,Ulsan,22130929.276215024,10590548.714705938,7844747.9769825535,7.844747976982553,1642803749.9999995,2940456493.938505,66183557.99999999,57622946.49999999,3634301172.854654,817651183.4161481,25513239.197251692,709688.0
shaheen_ncc_h2_flat_decoupled,2039,Other,432184.00829651015,255032.1825686943,36679.58839297148,0.036679588392971474,116982599.99999999,40783388.02818192,4679303.999999999,3509477.9999999995,74818219.14421736,42223613.11603545,1519858.0606000854,0.0
shaheen_ncc_h2_flat_decoupled,2040,Daesan,19800108.505871844,5243412.9217776675,11748206.187673975,11.748206187673976,1863365700.0,4448389655.527562,74534628.0,68848510.5,5148405637.394002,843399120.3664398,20042865.579925224,1125873.0
shaheen_ncc_h2_flat_decoupled,2040,Yeosu,25771247.357066404,7943215.341825265,13051788.62315756,13.051788623157561,1966703550.0,4947641926.874842,78668141.99999999,73565005.5,5685266110.561883,889857331.1870425,26124708.042960666,1266426.0
shaheen_ncc_h2_flat_decoupled,2040,Ulsan,22130929.276215024,9876178.017182887,8173295.735032286,8.173295735032285,1611078699.9999998,2910792893.7345047,64906828.0,56493772.99999999,3607043476.1506534,817651183.4161481,25513239.197251692,709688.0
shaheen_ncc_h2_flat_decoupled,2040,Other,432184.00829651015,212476.15687189193,64570.35441275804,0.06457035441275803,114953999.99999999,40641386.02818192,4598159.999999999,3448619.9999999995,74818219.14421736,42223613.11603545,1519858.0606000854,0.0
shaheen_ncc_h2_flat_decoupled,2041,Daesan,19800108.505871844,4181234.496402065,12704849.237147568,12.704849237147569,1924803300.0,4732320256.3412,76992132.0,71406357.75,5471968709.686535,888046943.0953352,20282930.531633444,1214423.0
shaheen_ncc_h2_flat_decoupled,2041,Yeosu,25771247.357066404,7580081.900028111,13190783.701855585,13.190783701855585,1926037365.0,4896110079.206841,77041494.6,72028413.44999999,5636897502.343884,889857331.1870425,26124708.042960666,1266426.0
shaheen_ncc_h2_flat_decoupled,2041,Ulsan,22130929.276215024,9521543.99234109,8336396.229206976,8.336396229206976,1579353649.9999998,2881281876.4505053,63630097.99999999,55364599.49999999,3579938362.366654,817651183.4161481,25513239.197251692,709688.0
shaheen_ncc_h2_flat_decoupled,2041,Other,432184.00829651015,191350.12982955074,78416.12754400923,0.07841612754400923,112925399.99999999,40499384.02818192,4517015.999999999,3387761.9999999995,74818219.14421736,42223613.11603545,1519858.0606000854,0.0
shaheen_ncc_h2_flat_decoupled,2042,Daesan,19800108.505871844,2924325.1378060714,13864133.525071066,13.864133525071066,2004836400.0,5086314615.164006,80193456.0,74708025.0,5874661021.724157,943247887.5601515,20579738.108290873,1323903.0
shaheen_ncc_h2_flat_decoupled,2042,Yeosu,25771247.357066404,6297189.104677907,14279913.04536444,14.27991304536444,1998892280.0,5224948545.264097,79955691.19999999,75032665.39999999,6011852527.795181,941892339.1310824,26404492.832133334,1369627.0
shaheen_ncc_h2_flat_decoupled,2042,Ulsan,22130929.276215024,9164358.643579567,8500670.10823184,8.50067010823184,1547628599.9999998,2851797827.310506,62353367.99999999,54235426.0,3552860216.7266536,817651183.4161481,25513239.197251692,709688.0
shaheen_ncc_h2_flat_decoupled,2042,Other,432184.00829651015,170072.11698114953,92361.51055390252,0.09236151055390253,110896799.99999999,40357382.02818192,4435871.999999999,3326903.9999999995,74818219.14421736,42223613.11603545,1519858.0606000854,0.0
shaheen_ncc_h2_flat_decoupled,2043,Daesan,19800108.505871844,2636208.8042899985,14022156.992799029,14.02215699279903,1961704500.0,5032621670.936007,78468179.99999999,73083092.25,5824318286.246157,943247887.5601515,20579738.108290873,1323903.0
shaheen_ncc_h2_flat_decoupled,2043,Yeosu,25771247.357066404,5927526.205028041,14425206.821600743,14.425206821600742,1955646070.0,5169497467.512097,78225842.8,73392872.35,5959771091.49318,941892339.1310824,26404492.832133334,1369627.0
shaheen_ncc_h2_flat_decoupled,2043,Ulsan,22130929.276215024,7916284.684405801,9588108.543510541,9.588108543510542,1623210049.9999998,3186272268.816387,65368897.99999999,57398512.5,3931486314.626927,867981456.3105394,25783857.87008641,809508.0
shaheen_ncc_h2_flat_decoupled,2043,Other,432184.00829651015,148794.10413274833,106306.89356379582,0.10630689356379582,108868199.99999999,40215380.02818192,4354727.999999999,3266045.9999999995,74818219.14421736,42223613.11603545,1519858.0606000854,0.0
shaheen_ncc_h2_flat_decoupled,2044,Daesan,19800108.505871844,2350150.4445847557,14179051.721471794,14.179051721471794,1918572600.0,4979209394.144007,76742904.0,71458159.49999999,5774256218.204157,943247887.5601515,20579738.108290873,1323903.0
shaheen_ncc_h2_flat_decoupled,2044,Yeosu,25771247.357066404,5560503.754661387,14569462.78514964,14.56946278514964,1912399860.0,5114336750.684097,76495994.4,71753079.3,5907980016.11518,941892339.1310824,26404492.832133334,1369627.0
shaheen_ncc_h2_flat_decoupled,2044,Ulsan,22130929.276215024,6143764.534583613,11223536.320458114,11.223536320458114,1754658499.9999995,3721918656.3618135,70619107.99999999,62796278.99999999,4536039027.989294,947535758.6274804,26211609.965857416,967288.0
shaheen_ncc_h2_flat_decoupled,2044,Other,432184.00829651015,127668.07709040718,120152.666695047,0.120152666695047,106839599.99999999,40073378.02818192,4273583.999999999,3205187.9999999995,74818219.14421736,42223613.11603545,1519858.0606000854,0.0
shaheen_ncc_h2_flat_decoupled,2045,Daesan,19800108.505871844,2062034.1110686832,14337075.189199759,14.337075189199759,1875440700.0,4925852721.278006,75017628.0,69833226.75,5724249754.088158,943247887.5601515,20579738.108290873,1323903.0
shaheen_ncc_h2_flat_decoupled,2045,Yeosu,25771247.357066404,5190840.855011521,14714756.56138594,14.71475656138594,1869153650.0,5059233558.190097,74766146.0,70113286.25,5856246465.07118,941892339.1310824,26404492.832133334,1369627.0
shaheen_ncc_h2_flat_decoupled,2045,Ulsan,22130929.276215024,4660998.880600424,12560231.906103017,12.560231906103017,1843562699.9999995,4124494139.4095063,74167547.99999999,66492275.499999985,4993877026.35744,1010042710.447934,26547700.898248922,1091258.0
shaheen_ncc_h2_flat_decoupled,2045,Other,432184.00829651015,106390.06424200597,134098.0497049403,0.1340980497049403,104810999.99999999,39931376.02818192,4192439.9999999995,3144329.9999999995,74818219.14421736,42223613.11603545,1519858.0606000854,0.0
shaheen_ncc_h2_flat_decoupled,2046,Daesan,19800108.505871844,1162731.3843627933,15130859.002070665,15.130859002070665,1899928800.0,5111092292.220475,75997152.0,70913094.0,5941524634.773601,977342588.5531261,20763060.435049877,1391523.0
shaheen_ncc_h2_flat_decoupled,2046,Yeosu,25771247.357066404,2945417.8105481425,16811229.111168087,16.811229111168085,2033436440.0,5736051525.887733,81337457.6,76774653.19999999,6624470015.1234455,1046530600.0357119,26967117.78259132,1577156.0
shaheen_ncc_h2_flat_decoupled,2046,Ulsan,22130929.276215024,3852769.358603642,13198211.576461269,13.198211576461269,1850598399.9999995,4250550480.019126,74441248.0,66913531.99999999,5143591768.319185,1034396068.3000587,26678645.417362496,1139558.0
shaheen_ncc_h2_flat_decoupled,2046,Other,432184.00829651015,85112.05139360478,148043.4327148336,0.14804343271483358,102782399.99999999,39789374.02818192,4111295.9999999995,3083471.9999999995,74818219.14421736,42223613.11603545,1519858.0606000854,0.0
shaheen_ncc_h2_flat_decoupled,2047,Daesan,19800108.505871844,872048.5382720951,15292354.338497845,15.292354338497846,1855106400.0,5055401075.079474,74204256.0,69220541.25,5889318866.382601,977342588.5531261,20763060.435049877,1391523.0
shaheen_ncc_h2_flat_decoupled,2047,Yeosu,25771247.357066404,2567878.161591864,16967178.217769355,16.967178217769355,1985002005.0,5673096664.785732,79400080.19999999,74927331.14999999,6565299853.471445,1046530600.0357119,26967117.78259132,1577156.0
shaheen_ncc_h2_flat_decoupled,2047,Ulsan,22130929.276215024,3479268.322760566,13384556.620788286,13.384556620788285,1808126599.9999995,4204532039.033127,72734647.99999999,65354488.499999985,5100838970.833185,1034396068.3000587,26678645.417362496,1139558.0
shaheen_ncc_h2_flat_decoupled,2047,Other,432184.00829651015,63834.03854520359,161988.81572472685,0.16198881572472684,100753799.99999999,39647372.02818192,4030151.9999999995,3022613.9999999995,74818219.14421736,42223613.11603545,1519858.0606000854,0.0
shaheen_ncc_h2_flat_decoupled,2048,Daesan,19800108.505871844,581365.6921813966,15453849.674925026,15.453849674925026,1810284000.0,4999886581.359475,72411360.0,67527988.5,5837289821.4126005,977342588.5531261,20763060.435049877,1391523.0
shaheen_ncc_h2_flat_decoupled,2048,Yeosu,25771247.357066404,2190338.512635585,17123127.324370626,17.123127324370625,1936567570.0,5610342102.495733,77462702.8,73080009.1,6506329990.631445,1046530600.0357119,26967117.78259132,1577156.0
shaheen_ncc_h2_flat_decoupled,2048,Ulsan,22130929.276215024,1873128.4502393526,14856309.830198051,14.856309830198052,1894132800.0,4624843155.488065,76167168.0,68934564.99999999,5582326892.774072,1102585470.286008,27045290.070880502,1274798.0
shaheen_ncc_h2_flat_decoupled,2048,Other,432184.00829651015,42556.02569680239,175934.19873462015,0.17593419873462016,98725199.99999999,39505370.02818192,3949007.9999999995,2961755.9999999995,74818219.14421736,42223613.11603545,1519858.0606000854,0.0
shaheen_ncc_h2_flat_decoupled,2049,Daesan,19800108.505871844,290682.8460906983,15615345.011352204,15.615345011352204,1765461600.0,4944664307.469475,70618464.0,65835435.74999999,5785552996.2726,977342588.5531261,20763060.435049877,1391523.0
shaheen_ncc_h2_flat_decoupled,2049,Yeosu,25771247.357066404,383467.07085481955,18771435.17550373,18.77143517550373,2032590385.0,6080132488.755838,81303615.4,77010977.05,7047091020.06342,1125273123.757582,27390505.061058544,1733326.0
shaheen_ncc_h2_flat_decoupled,2049,Ulsan,22130929.276215024,1494494.3892470258,15049598.611923499,15.0495986119235,1848280000.0,4573910042.348063,74325327.99999999,67240281.5,5534929903.13407,1102585470.286008,27045290.070880502,1274798.0
shaheen_ncc_h2_flat_decoupled,2049,Other,432184.00829651015,21278.012848401195,189879.58174451347,0.18987958174451347,96696599.99999999,39363368.02818192,3867863.9999999995,2900897.9999999995,74818219.14421736,42223613.11603545,1519858.0606000854,0.0
shaheen_ncc_h2_flat_decoupled,2050,Daesan,19800108.505871844,0.0,15776840.347779384,15.776840347779384,1720639200.0,4889504652.114474,68825568.0,64142883.0,5733878789.667601,977342588.5531261,20763060.435049877,1391523.0
shaheen_ncc_h2_flat_decoupled,2050,Yeosu,25771247.357066404,0.0,18935402.645529386,18.935402645529386,1980251700.0,6011668388.295839,79210068.0,75007485.0,6982723959.053421,1125273123.757582,27390505.061058544,1733326.0
shaheen_ncc_h2_flat_decoupled,2050,Ulsan,22130929.276215024,0.0,16588756.489553513,16.588756489553514,1934286200.0,5033243002.368022,77757847.99999999,70820357.99999999,6032709867.977996,1148045071.6099744,27289719.839892507,1421308.0
shaheen_ncc_h2_flat_decoupled,2050,Other,432184.00829651015,0.0,203824.96475440674,0.20382496475440673,94667999.99999999,39221366.02818192,3786719.9999999995,2840039.9999999995,74818219.14421736,42223613.11603545,1519858.0606000854,0.0
shaheen_ncc_elec_rising_coupled,2025,Daesan,17217485.657279864,17217485.657279864,0.0,0.0,0.0,0.0,0.0,0.0,0.0,0.0,9752183.842566231,0.0
shaheen_ncc_elec_rising_coupled,2025,Yeosu,22409780.310492523,22409780.310492523,0.0,0.0,0.0,0.0,0.0,0.0,0.0,0.0,15277933.230763266,0.0
shaheen_ncc_elec_rising_coupled,2025,Ulsan,19244286.3271435,19244286.3271435,0.0,0.0,0.0,0.0,0.0,0.0,0.0,0.0,13261121.675682966,0.0
shaheen_ncc_elec_rising_coupled,2025,Other,375812.18112740014,375812.18112740014,0.0,0.0,0.0,0.0,0.0,0.0,0.0,0.0,476689.4581816963,0.0
shaheen_ncc_elec_rising_coupled,2026,Daesan,19800108.505871844,19604967.307182096,0.0,0.0,0.0,0.0,0.0,0.0,0.0,0.0,11215011.418951167,0.0
shaheen_ncc_elec_rising_coupled,2026,Yeosu,25771247.357066404,25465535.91311882,0.0,0.0,0.0,0.0,0.0,0.0,0.0,0.0,17569623.21537775,0.0
shaheen_ncc_elec_rising_coupled,2026,Ulsan,22130929.276215024,21677050.786755353,189787.6579064445,0.1897876579064445,63369600.0,-44922292.03002514,3168480.0,1901088.0,50552242.972383544,100544103.00240868,15737963.503847908,0.0
shaheen_ncc_elec_rising_coupled,2026,Other,432184.00829651015,422645.4522382944,0.0,0.0,0.0,0.0,0.0,0.0,0.0,0.0,548192.8769089505,0.0
shaheen_ncc_elec_rising_coupled,2027,Daesan,19800108.505871844,19409826.10849234,0.0,0.0,0.0,0.0,0.0,0.0,0.0,0.0,11215011.418951167,0.0
shaheen_ncc_elec_rising_coupled,2027,Yeosu,25771247.357066404,25159824.469171252,0.0,0.0,0.0,0.0,0.0,0.0,0.0,0.0,17569623.21537775,0.0
shaheen_ncc_elec_rising_coupled,2027,Ulsan,22130929.276215024,21403210.221788395,199537.3913201637,0.1995373913201637,61051200.0,-43327755.47465952,3052560.0,1831536.0,52332251.527749166,100544103.00240868,15737963.503847908,0.0
shaheen_ncc_elec_rising_coupled,2027,Other,432184.00829651015,413106.8961800786,0.0,0.0,0.0,0.0,0.0,0.0,0.0,0.0,548192.8769089505,0.0
shaheen_ncc_elec_rising_coupled,2028,Daesan,19800108.505871844,19214684.90980259,0.0,0.0,0.0,0.0,0.0,0.0,0.0,0.0,11215011.418951167,0.0
shaheen_ncc_elec_rising_coupled,2028,Yeosu,25771247.357066404,24854113.02522368,0.0,0.0,0.0,0.0,0.0,0.0,0.0,0.0,17569623.21537775,0.0
shaheen_ncc_elec_rising_coupled,2028,Ulsan,22130929.276215024,21129369.65682144,209287.12473388296,0.20928712473388295,58732800.0,-41728342.18352578,2936640.0,1761984.0,54117136.818882905,100544103.00240868,15737963.503847908,0.0
shaheen_ncc_elec_rising_coupled,2028,Other,432184.00829651015,403568.34012186277,0.0,0.0,0.0,0.0,0.0,0.0,0.0,0.0,548192.8769089505,0.0
shaheen_ncc_elec_rising_coupled,2029,Daesan,19800108.505871844,18921785.374417197,136367.91775928484,0.13636791775928483,1023071280.0,2424969950.9824576,40922851.199999996,40922851.199999996,2819433648.468587,476309399.8861298,35813106.41518731,0.0
shaheen_ncc_elec_rising_coupled,2029,Yeosu,25771247.357066404,24434365.31329875,165221.27935398772,0.16522127935398773,1226266160.0,2907086051.1890774,49050646.39999999,49050646.39999999,3378720904.073874,569736145.6847963,47047209.18705699,0.0
shaheen_ncc_elec_rising_coupled,2029,Ulsan,22130929.276215024,20784260.68319116,315460.4255573732,0.3154604255573732,786272479.9999999,1689600647.7666454,32015043.199999996,30886755.199999996,2067613311.188877,440914461.8222317,33289142.755415075,0.0
shaheen_ncc_elec_rising_coupled,2029,Other,432184.00829651015,394029.7840636471,0.0,0.0,0.0,0.0,0.0,0.0,0.0,0.0,548192.8769089505,0.0
shaheen_ncc_elec_rising_coupled,2030,Daesan,19800108.505871844,18298637.322792936,574027.1659597064,0.5740271659597064,970153799.9999999,2510765580.2686815,38806152.0,38806152.0,2909462676.1548114,476309399.8861298,35813106.41518731,0.0
shaheen_ncc_elec_rising_coupled,2030,Yeosu,25771247.357066404,23615743.873443965,690927.5281053666,0.6909275281053666,1162838600.0,3009899811.0454235,46513543.99999999,46513543.99999999,3486608868.73022,569736145.6847963,47047209.18705699,0.0
shaheen_ncc_elec_rising_coupled,2030,Ulsan,22130929.276215024,20205029.599246938,636889.4676349736,0.6368894676349736,746202799.9999999,1752417274.7185152,30389071.999999996,29307151.999999996,2133635512.5407472,440914461.8222317,33289142.755415075,0.0
shaheen_ncc_elec_rising_coupled,2030,Other,432184.00829651015,384491.2280054315,0.0,0.0,0.0,0.0,0.0,0.0,0.0,0.0,548192.8769089505,0.0
shaheen_ncc_elec_rising_coupled,2031,Daesan,19800108.505871844,17800835.143621836,923651.5079129153,0.9236515079129153,954719534.9999999,2599313885.8049436,38188781.4,38188781.4,2999245722.8910737,476309399.8861298,35813106.41518731,0.0
shaheen_ncc_elec_rising_coupled,2031,Yeosu,25771247.357066404,22961787.665743873,1110888.2670504316,1.1108882670504316,1144338895.0,3116013023.4420524,45773555.79999999,45773555.79999999,3594202057.5268493,569736145.6847963,47047209.18705699,0.0
shaheen_ncc_elec_rising_coupled,2031,Ulsan,22130929.276215024,19742310.514946666,893663.2426279974,0.8936632426279975,734419209.9999999,1817316400.3421009,29910000.4,28843536.4,2199477325.3643327,440914461.8222317,33289142.755415075,0.0
shaheen_ncc_elec_rising_coupled,2031,Other,432184.00829651015,376871.34701639693,0.0,0.0,0.0,0.0,0.0,0.0,0.0,0.0,548192.8769089505,0.0
shaheen_ncc_elec_rising_coupled,2032,Daesan,19800108.505871844,17155478.312303144,1476775.0436838493,1.4767750436838494,1481971995.0,4248000042.4414988,59278879.8,59278879.8,4862679608.067545,733237325.2260463,49933696.091835506,0.0
shaheen_ncc_elec_rising_coupled,2032,Yeosu,25771247.357066404,22112024.336710483,1800895.3295450844,1.8008953295450845,1845992190.0,5292419701.945283,73839687.6,73839687.6,6055423482.359827,910683155.6145432,65785432.454647005,0.0
shaheen_ncc_elec_rising_coupled,2032,Ulsan,22130929.276215024,19066534.634338498,1444273.136340453,1.444273136340453,1506230670.0,4134751632.2149854,60774730.79999999,59723722.79999999,4826150458.384584,811897279.7695993,53678114.26324518,0.0
shaheen_ncc_elec_rising_coupled,2032,Other,432184.00829651015,369251.46602736256,0.0,0.0,0.0,0.0,0.0,0.0,0.0,0.0,548192.8769089505,0.0
shaheen_ncc_elec_rising_coupled,2033,Daesan,19800108.505871844,16461399.936626626,2029449.3550450355,2.0294493550450357,1457620342.5,4387375109.297527,58304813.699999996,58304813.699999996,5004002807.123572,733237325.2260463,49933696.091835506,0.0
shaheen_ncc_elec_rising_coupled,2033,Yeosu,25771247.357066404,21197606.82559089,2490306.2648609253,2.490306264860925,1815658985.0,5465980749.268616,72626359.39999999,72626359.39999999,6231411186.0831585,910683155.6145432,65785432.454647005,0.0
shaheen_ncc_elec_rising_coupled,2033,Ulsan,22130929.276215024,18320408.84607939,1994234.386908345,1.994234386908345,1481571105.0,4273040425.8421507,59780620.19999999,58745068.19999999,4966412017.21175,811897279.7695993,53678114.26324518,0.0
shaheen_ncc_elec_rising_coupled,2033,Other,432184.00829651015,361631.5850383282,0.0,0.0,0.0,0.0,0.0,0.0,0.0,0.0,548192.8769089505,0.0
shaheen_ncc_elec_rising_coupled,2034,Daesan,19800108.505871844,15767321.560950113,2582123.6664062236,2.5821236664062237,1433268689.9999998,4527137363.000283,57330747.599999994,57330747.599999994,5145713193.026329,733237325.2260463,49933696.091835506,0.0
shaheen_ncc_elec_rising_coupled,2034,Yeosu,25771247.357066404,20283189.31447129,3179717.200176769,3.179717200176769,1785325780.0,5640023954.684341,71413031.19999999,71413031.19999999,6407881047.898884,910683155.6145432,65785432.454647005,0.0
shaheen_ncc_elec_rising_coupled,2034,Ulsan,22130929.276215024,17574283.057820287,2544195.63747624,2.54419563747624,1456911540.0,4411713497.712678,58786509.599999994,57766413.599999994,5107057854.282277,811897279.7695993,53678114.26324518,0.0
shaheen_ncc_elec_rising_coupled,2034,Other,432184.00829651015,354011.7040492937,0.0,0.0,0.0,0.0,0.0,0.0,0.0,0.0,548192.8769089505,0.0
shaheen_ncc_elec_rising_coupled,2035,Daesan,19800108.505871844,15073243.185273599,3134797.97776741,3.1347979777674104,1408917037.4999998,4666512429.856311,56356681.5,56356681.5,5287036392.082357,733237325.2260463,49933696.091835506,0.0
shaheen_ncc_elec_rising_coupled,2035,Yeosu,25771247.357066404,19368771.8033517,3869128.13549261,3.86912813549261,1754992575.0,5813585002.007673,70199702.99999999,70199702.99999999,6583868751.622217,910683155.6145432,65785432.454647005,0.0
shaheen_ncc_elec_rising_coupled,2035,Ulsan,22130929.276215024,16828157.269561175,3094156.8880441315,3.0941568880441315,1432251975.0,4550002291.339845,57792398.99999999,56787758.99999999,5247319413.109444,811897279.7695993,53678114.26324518,0.0
shaheen_ncc_elec_rising_coupled,2035,Other,432184.00829651015,346391.82306025934,0.0,0.0,0.0,0.0,0.0,0.0,0.0,0.0,548192.8769089505,0.0
shaheen_ncc_elec_rising_coupled,2036,Daesan,19800108.505871844,13680093.064311387,4244122.67467224,4.244122674672241,1384565384.9999998,4806274683.559068,55382615.39999999,55382615.39999999,5428746777.985114,733237325.2260463,49933696.091835506,0.0
shaheen_ncc_elec_rising_coupled,2036,Yeosu,25771247.357066404,17533358.237867046,5252909.797025849,5.252909797025849,1724659370.0,5987628207.423399,68986374.8,68986374.8,6760338613.4379425,910683155.6145432,65785432.454647005,0.0
shaheen_ncc_elec_rising_coupled,2036,Ulsan,22130929.276215024,15330537.881616635,4198035.944939401,4.198035944939401,1407592410.0,4688675363.210373,56798288.39999999,55809104.39999999,5387965250.179973,811897279.7695993,53678114.26324518,0.0
shaheen_ncc_elec_rising_coupled,2036,Other,432184.00829651015,331097.24179449957,0.0,0.0,0.0,0.0,0.0,0.0,0.0,0.0,548192.8769089505,0.0
shaheen_ncc_elec_rising_coupled,2037,Daesan,19800108.505871844,12281949.57373999,5357423.4457595255,5.357423445759525,1360213732.4999998,4945649750.415096,54408549.3,54408549.3,5570069977.041142,733237325.2260463,49933696.091835506,0.0
shaheen_ncc_elec_rising_coupled,2037,Yeosu,25771247.357066404,15691366.129136931,6641651.249460639,6.641651249460639,1694326165.0,6161189254.746733,67773046.6,67773046.6,6936326317.161276,910683155.6145432,65785432.454647005,0.0
shaheen_ncc_elec_rising_coupled,2037,Ulsan,22130929.276215024,13827550.68224577,5305871.557594149,5.305871557594149,1382932845.0,4826964156.837538,55804177.79999999,54830449.79999999,5528226809.007138,811897279.7695993,53678114.26324518,0.0
shaheen_ncc_elec_rising_coupled,2037,Other,432184.00829651015,315747.841241049,0.0,0.0,0.0,0.0,0.0,0.0,0.0,0.0,548192.8769089505,0.0
shaheen_ncc_elec_rising_coupled,2038,Daesan,19800108.505871844,10871357.204639263,6711339.974650886,6.711339974650886,1924542480.0,5711199020.701756,76981699.19999999,71094895.19999999,6540465014.854883,977342588.5531261,55551135.435049884,0.0
shaheen_ncc_elec_rising_coupled,2038,Yeosu,25771247.357066404,13840619.295449153,8163074.198813701,8.163074198813701,2192317680.0,6886111821.317247,87692707.19999999,82409460.0,7841282777.87483,1125273123.757582,70723655.06105852,0.0
shaheen_ncc_elec_rising_coupled,2038,Ulsan,22130929.276215024,12294347.562666966,6782030.978147233,6.782030978147233,2187358879.9999995,6037034347.534704,87973491.19999999,79265323.19999999,7017840604.744678,1148045071.6099744,62822419.83989251,0.0
shaheen_ncc_elec_rising_coupled,2038,Other,432184.00829651015,297436.2224594367,8888.432251826987,0.008888432251826988,119011199.99999999,109447218.78208075,4760447.999999999,3570335.9999999995,143340047.8981162,42223613.11603545,1519858.0606000854,0.0
shaheen_ncc_elec_rising_coupled,2039,Daesan,19800108.505871844,9321480.526001368,8003764.401887909,8.003764401887908,1890156502.5,5870375338.410516,75606260.1,69819799.35,6702291867.513642,977342588.5531261,55551135.435049884,0.0
shaheen_ncc_elec_rising_coupled,2039,Yeosu,25771247.357066404,11867429.319245622,9698832.827650532,9.698832827650532,2152978940.0,7077066993.703981,86119157.6,80925965.75,8035294994.111563,1125273123.757582,70723655.06105852,0.0
shaheen_ncc_elec_rising_coupled,2039,Ulsan,22130929.276215024,10541602.049133962,8180128.278955792,8.180128278955792,2148503140.0,6207696263.016632,86411533.6,77850922.1,7191478878.926606,1148045071.6099744,62822419.83989251,0.0
shaheen_ncc_elec_rising_coupled,2039,Other,432184.00829651015,255032.1825686943,36679.58839297148,0.036679588392971474,116982599.99999999,112851794.70255338,4679303.999999999,3509477.9999999995,146886625.81858882,42223613.11603545,1519858.0606000854,0.0
shaheen_ncc_elec_rising_coupled,2040,Daesan,19800108.505871844,7766048.733819975,9300821.174742267,9.300821174742266,1855770525.0,6029995017.359438,74230821.0,68544703.5,6864562081.412564,977342588.5531261,55551135.435049884,0.0
shaheen_ncc_elec_rising_coupled,2040,Yeosu,25771247.357066404,9887166.977535984,11240095.967701828,11.240095967701828,2113640200.0,7268553706.409174,84545608.0,79442471.5,8229838750.666756,1125273123.757582,70723655.06105852,0.0
shaheen_ncc_elec_rising_coupled,2040,Ulsan,22130929.276215024,8782574.293616973,9583236.681200942,9.583236681200942,2109647400.0,6378833899.79769,84849575.99999999,76436521.0,7365592874.407664,1148045071.6099744,62822419.83989251,0.0
shaheen_ncc_elec_rising_coupled,2040,Other,432184.00829651015,212476.15687189193,64570.35441275804,0.06457035441275803,114953999.99999999,116266087.27486295,4598159.999999999,3448619.9999999995,150442920.39089838,42223613.11603545,1519858.0606000854,0.0
shaheen_ncc_elec_rising_coupled,2041,Daesan,19800108.505871844,6993887.951272781,9944717.215552108,9.944717215552108,1821384547.5,6189171335.068197,72855381.89999999,67269607.64999999,7026388934.071323,977342588.5531261,55551135.435049884,0.0
shaheen_ncc_elec_rising_coupled,2041,Yeosu,25771247.357066404,8904108.172187269,12005223.02651301,12.00522302651301,2074301460.0,7459508878.795908,82972058.4,77958977.25,8423850966.90349,1125273123.757582,70723655.06105852,0.0
shaheen_ncc_elec_rising_coupled,2041,Ulsan,22130929.276215024,7909342.657842467,10279779.780886928,10.279779780886928,2070791660.0,6549495815.279618,83287618.39999999,75022119.89999999,7539231148.589591,1148045071.6099744,62822419.83989251,0.0
shaheen_ncc_elec_rising_coupled,2041,Other,432184.00829651015,191350.12982955074,78416.12754400923,0.07841612754400923,112925399.99999999,119670663.19533557,4517015.999999999,3387761.9999999995,153989498.311371,42223613.11603545,1519858.0606000854,0.0
shaheen_ncc_elec_rising_coupled,2042,Daesan,19800108.505871844,6216172.055182081,10593245.601979287,10.593245601979287,1786998570.0,6348791014.017118,71479942.8,65994511.8,7188659147.970245,977342588.5531261,55551135.435049884,0.0
shaheen_ncc_elec_rising_coupled,2042,Yeosu,25771247.357066404,7913977.00133245,12775854.59653866,12.77585459653866,2034962720.0,7650995591.501099,81398508.8,76475483.0,8618394723.458681,1125273123.757582,70723655.06105852,0.0
shaheen_ncc_elec_rising_coupled,2042,Ulsan,22130929.276215024,7029828.780083971,10981333.982009502,10.981333982009502,2031935920.0,6720633452.060675,81725660.79999998,73607718.79999998,7713345144.070648,1148045071.6099744,62822419.83989251,0.0
shaheen_ncc_elec_rising_coupled,2042,Other,432184.00829651015,170072.11698114953,92361.51055390252,0.09236151055390253,110896799.99999999,123084955.76764514,4435871.999999999,3326903.9999999995,157545792.88368055,42223613.11603545,1519858.0606000854,0.0
shaheen_ncc_elec_rising_coupled,2043,Daesan,19800108.505871844,5438456.159091384,11241773.988406466,11.241773988406466,1752612592.5,6507967331.72588,70104503.69999999,64719415.94999999,7350486000.629006,977342588.5531261,55551135.435049884,0.0
shaheen_ncc_elec_rising_coupled,2043,Yeosu,25771247.357066404,6923845.830477631,13546486.166564308,13.546486166564309,1995623980.0,7841950763.887835,79824959.19999999,74991988.75,8812406939.695415,1125273123.757582,70723655.06105852,0.0
shaheen_ncc_elec_rising_coupled,2043,Ulsan,22130929.276215024,6150314.902325476,11682888.183132078,11.682888183132079,1993080180.0,6891295367.5426035,80163703.19999999,72193317.69999999,7886983418.252577,1148045071.6099744,62822419.83989251,0.0
shaheen_ncc_elec_rising_coupled,2043,Other,432184.00829651015,148794.10413274833,106306.89356379582,0.10630689356379582,108868199.99999999,126489531.68811777,4354727.999999999,3266045.9999999995,161092370.8041532,42223613.11603545,1519858.0606000854,0.0
shaheen_ncc_elec_rising_coupled,2044,Daesan,19800108.505871844,4666295.37654419,11885670.029216308,11.885670029216309,1718226615.0,6667587010.674801,68729064.6,63444320.099999994,7512756214.527926,977342588.5531261,55551135.435049884,0.0
shaheen_ncc_elec_rising_coupled,2044,Yeosu,25771247.357066404,5940787.025128918,14311613.225375488,14.311613225375488,1956285240.0,8033437476.593026,78251409.6,73508494.5,9006950696.250608,1125273123.757582,70723655.06105852,0.0
shaheen_ncc_elec_rising_coupled,2044,Ulsan,22130929.276215024,5277083.26655097,12379431.282818062,12.379431282818063,1954224439.9999998,7062433004.323659,78601745.6,70778916.6,8061097413.733633,1148045071.6099744,62822419.83989251,0.0
shaheen_ncc_elec_rising_coupled,2044,Other,432184.00829651015,127668.07709040718,120152.666695047,0.120152666695047,106839599.99999999,129903824.2604273,4273583.999999999,3205187.9999999995,164648665.37646273,42223613.11603545,1519858.0606000854,0.0
shaheen_ncc_elec_rising_coupled,2045,Daesan,19800108.505871844,3888579.4804534917,12534198.415643487,12.534198415643488,1683840637.5,6826763328.38356,67353625.5,62169224.25,7674583067.1866865,977342588.5531261,55551135.435049884,0.0
shaheen_ncc_elec_rising_coupled,2045,Yeosu,25771247.357066404,4950655.854274099,15082244.795401137,15.082244795401138,1916946499.9999998,8224392648.979761,76677860.0,72025000.25,9200962912.487343,1125273123.757582,70723655.06105852,0.0
shaheen_ncc_elec_rising_coupled,2045,Ulsan,22130929.276215024,4397569.388792475,13080985.483940639,13.080985483940639,1915368699.9999998,7233094919.805588,77039787.99999999,69364515.49999999,8234735687.915563,1148045071.6099744,62822419.83989251,0.0
shaheen_ncc_elec_rising_coupled,2045,Other,432184.00829651015,106390.06424200597,134098.0497049403,0.1340980497049403,104810999.99999999,133308400.18089996,4192439.9999999995,3144329.9999999995,168195243.29693538,42223613.11603545,1519858.0606000854,0.0
shaheen_ncc_elec_rising_coupled,2046,Daesan,19800108.505871844,3110863.5843627937,13182726.802070666,13.182726802070666,1649454660.0,6986383007.332483,65978186.39999999,60894128.39999999,7836853281.0856085,977342588.5531261,55551135.435049884,0.0
shaheen_ncc_elec_rising_coupled,2046,Yeosu,25771247.357066404,3960524.683419278,15852876.365426788,15.852876365426788,1877607759.9999998,8415879361.684952,75104310.4,70541506.0,9395506669.042534,1125273123.757582,70723655.06105852,0.0
shaheen_ncc_elec_rising_coupled,2046,Ulsan,22130929.276215024,3518055.51103398,13782539.685063211,13.782539685063211,1876512959.9999998,7404232556.586644,75477830.39999999,67950114.39999999,8408849683.39662,1148045071.6099744,62822419.83989251,0.0
shaheen_ncc_elec_rising_coupled,2046,Other,432184.00829651015,85112.05139360478,148043.4327148336,0.14804343271483358,102782399.99999999,136722692.7532095,4111295.9999999995,3083471.9999999995,171751537.86924496,42223613.11603545,1519858.0606000854,0.0
shaheen_ncc_elec_rising_coupled,2047,Daesan,19800108.505871844,2333147.688272095,13831255.188497843,13.831255188497844,1615068682.5,7145559325.041243,64602747.3,59619032.55,7998680133.7443695,977342588.5531261,55551135.435049884,0.0
shaheen_ncc_elec_rising_coupled,2047,Yeosu,25771247.357066404,2970393.512564459,16623507.935452437,16.623507935452437,1838269019.9999998,8606834534.071688,73530760.8,69058011.75,9589518885.27927,1125273123.757582,70723655.06105852,0.0
shaheen_ncc_elec_rising_coupled,2047,Ulsan,22130929.276215024,2638541.633275485,14484093.886185784,14.484093886185784,1837657219.9999998,7574894472.068574,73915872.8,66535713.29999999,8582487957.578548,1148045071.6099744,62822419.83989251,0.0
shaheen_ncc_elec_rising_coupled,2047,Other,432184.00829651015,63834.03854520359,161988.81572472685,0.16198881572472684,100753799.99999999,140127268.67368215,4030151.9999999995,3022613.9999999995,175298115.7897176,42223613.11603545,1519858.0606000854,0.0
shaheen_ncc_elec_rising_coupled,2048,Daesan,19800108.505871844,1555431.7921813969,14479783.574925024,14.479783574925024,1580682705.0,7305179003.990164,63227308.199999996,58343936.69999999,8160950347.64329,977342588.5531261,55551135.435049884,0.0
shaheen_ncc_elec_rising_coupled,2048,Yeosu,25771247.357066404,1980262.341709639,17394139.505478088,17.394139505478087,1798930279.9999998,8798321246.77688,71957211.19999999,67574517.5,9784062641.834461,1125273123.757582,70723655.06105852,0.0
shaheen_ncc_elec_rising_coupled,2048,Ulsan,22130929.276215024,1759027.75551699,15185648.087308362,15.185648087308362,1798801479.9999998,7746032108.84963,72353915.19999999,65121312.19999999,8756601953.059605,1148045071.6099744,62822419.83989251,0.0
shaheen_ncc_elec_rising_coupled,2048,Other,432184.00829651015,42556.02569680239,175934.19873462015,0.17593419873462016,98725199.99999999,143541561.2459917,3949007.9999999995,2961755.9999999995,178854410.36202717,42223613.11603545,1519858.0606000854,0.0
shaheen_ncc_elec_rising_coupled,2049,Daesan,19800108.505871844,777715.8960906984,15128311.961352203,15.128311961352203,1546296727.5,7464355321.698925,61851869.099999994,57068840.849999994,8322777200.30205,977342588.5531261,55551135.435049884,0.0
shaheen_ncc_elec_rising_coupled,2049,Yeosu,25771247.357066404,990131.1708548195,18164771.075503737,18.164771075503737,1759591539.9999998,8989276419.163614,70383661.6,66091023.25,9978074858.071198,1125273123.757582,70723655.06105852,0.0
shaheen_ncc_elec_rising_coupled,2049,Ulsan,22130929.276215024,879513.877758495,15887202.288430937,15.887202288430936,1759945739.9999998,7916694024.331559,70791957.59999998,63706911.099999994,8930240227.241533,1148045071.6099744,62822419.83989251,0.0
shaheen_ncc_elec_rising_coupled,2049,Other,432184.00829651015,21278.012848401195,189879.58174451347,0.18987958174451347,96696599.99999999,146946137.16646436,3867863.9999999995,2900897.9999999995,182400988.2824998,42223613.11603545,1519858.0606000854,0.0
shaheen_ncc_elec_rising_coupled,2050,Daesan,19800108.505871844,0.0,15776840.347779384,15.776840347779384,1511910750.0,7623975000.647845,60476430.0,55793745.0,8485047414.200972,977342588.5531261,55551135.435049884,0.0
shaheen_ncc_elec_rising_coupled,2050,Yeosu,25771247.357066404,0.0,18935402.645529386,18.935402645529386,1720252799.9999998,9180763131.868807,68810112.0,64607529.0,10172618614.626389,1125273123.757582,70723655.06105852,0.0
shaheen_ncc_elec_rising_coupled,2050,Ulsan,22130929.276215024,0.0,16588756.489553513,16.588756489553514,1721089999.9999998,8087831661.112615,69230000.0,62292510.0,9104354222.72259,1148045071.6099744,62822419.83989251,0.0
shaheen_ncc_elec_rising_coupled,2050,Other,432184.00829651015,0.0,203824.96475440674,0.20382496475440673,94667999.99999999,150360429.7387739,3786719.9999999995,2840039.9999999995,185957282.85480934,42223613.11603545,1519858.0606000854,0.0
shaheen_ncc_elec_rising_decoupled,2025,Daesan,17217485.657279864,17217485.657279864,0.0,0.0,0.0,0.0,0.0,0.0,0.0,0.0,9752183.842566231,0.0
shaheen_ncc_elec_rising_decoupled,2025,Yeosu,22409780.310492523,22409780.310492523,0.0,0.0,0.0,0.0,0.0,0.0,0.0,0.0,15277933.230763266,0.0
shaheen_ncc_elec_rising_decoupled,2025,Ulsan,19244286.3271435,19244286.3271435,0.0,0.0,0.0,0.0,0.0,0.0,0.0,0.0,13261121.675682966,0.0
shaheen_ncc_elec_rising_decoupled,2025,Other,375812.18112740014,375812.18112740014,0.0,0.0,0.0,0.0,0.0,0.0,0.0,0.0,476689.4581816963,0.0
shaheen_ncc_elec_rising_decoupled,2026,Daesan,19800108.505871844,19604967.307182096,0.0,0.0,0.0,0.0,0.0,0.0,0.0,0.0,11215011.418951167,0.0
shaheen_ncc_elec_rising_decoupled,2026,Yeosu,25771247.357066404,25465535.91311882,0.0,0.0,0.0,0.0,0.0,0.0,0.0,0.0,17569623.21537775,0.0
shaheen_ncc_elec_rising_decoupled,2026,Ulsan,22130929.276215024,21677050.786755353,189787.6579064445,0.1897876579064445,63369600.0,-44922292.03002514,3168480.0,1901088.0,50552242.972383544,100544103.00240868,15737963.503847908,0.0
shaheen_ncc_elec_rising_decoupled,2026,Other,432184.00829651015,422645.4522382944,0.0,0.0,0.0,0.0,0.0,0.0,0.0,0.0,548192.8769089505,0.0
shaheen_ncc_elec_rising_decoupled,2027,Daesan,19800108.505871844,19409826.10849234,0.0,0.0,0.0,0.0,0.0,0.0,0.0,0.0,11215011.418951167,0.0
shaheen_ncc_elec_rising_decoupled,2027,Yeosu,25771247.357066404,25159824.469171252,0.0,0.0,0.0,0.0,0.0,0.0,0.0,0.0,17569623.21537775,0.0
shaheen_ncc_elec_rising_decoupled,2027,Ulsan,22130929.276215024,21403210.221788395,199537.3913201637,0.1995373913201637,61051200.0,-43327755.47465952,3052560.0,1831536.0,52332251.527749166,100544103.00240868,15737963.503847908,0.0
shaheen_ncc_elec_rising_decoupled,2027,Other,432184.00829651015,413106.8961800786,0.0,0.0,0.0,0.0,0.0,0.0,0.0,0.0,548192.8769089505,0.0
shaheen_ncc_elec_rising_decoupled,2028,Daesan,19800108.505871844,19214684.90980259,0.0,0.0,0.0,0.0,0.0,0.0,0.0,0.0,11215011.418951167,0.0
shaheen_ncc_elec_rising_decoupled,2028,Yeosu,25771247.357066404,24854113.02522368,0.0,0.0,0.0,0.0,0.0,0.0,0.0,0.0,17569623.21537775,0.0
shaheen_ncc_elec_rising_decoupled,2028,Ulsan,22130929.276215024,21129369.65682144,209287.12473388296,0.20928712473388295,58732800.0,-41728342.18352578,2936640.0,1761984.0,54117136.818882905,100544103.00240868,15737963.503847908,0.0
shaheen_ncc_elec_rising_decoupled,2028,Other,432184.00829651015,403568.34012186277,0.0,0.0,0.0,0.0,0.0,0.0,0.0,0.0,548192.8769089505,0.0
shaheen_ncc_elec_rising_decoupled,2029,Daesan,19800108.505871844,18921785.374417197,136367.91775928484,0.13636791775928483,1023071280.0,2424969950.9824576,40922851.199999996,40922851.199999996,2819433648.468587,476309399.8861298,35813106.41518731,0.0
shaheen_ncc_elec_rising_decoupled,2029,Yeosu,25771247.357066404,24434365.31329875,165221.27935398772,0.16522127935398773,1226266160.0,2907086051.1890774,49050646.39999999,49050646.39999999,3378720904.073874,569736145.6847963,47047209.18705699,0.0
shaheen_ncc_elec_rising_decoupled,2029,Ulsan,22130929.276215024,20784260.68319116,315460.4255573732,0.3154604255573732,786272479.9999999,1689600647.7666454,32015043.199999996,30886755.199999996,2067613311.188877,440914461.8222317,33289142.755415075,0.0
shaheen_ncc_elec_rising_decoupled,2029,Other,432184.00829651015,394029.7840636471,0.0,0.0,0.0,0.0,0.0,0.0,0.0,0.0,548192.8769089505,0.0
shaheen_ncc_elec_rising_decoupled,2030,Daesan,19800108.505871844,18298637.322792936,574027.1659597064,0.5740271659597064,970153799.9999999,2510765580.2686815,38806152.0,38806152.0,2909462676.1548114,476309399.8861298,35813106.41518731,0.0
shaheen_ncc_elec_rising_decoupled,2030,Yeosu,25771247.357066404,23615743.873443965,690927.5281053666,0.6909275281053666,1162838600.0,3009899811.0454235,46513543.99999999,46513543.99999999,3486608868.73022,569736145.6847963,47047209.18705699,0.0
shaheen_ncc_elec_rising_decoupled,2030,Ulsan,22130929.276215024,20205029.599246938,636889.4676349736,0.6368894676349736,746202799.9999999,1752417274.7185152,30389071.999999996,29307151.999999996,2133635512.5407472,440914461.8222317,33289142.755415075,0.0
shaheen_ncc_elec_rising_decoupled,2030,Other,432184.00829651015,384491.2280054315,0.0,0.0,0.0,0.0,0.0,0.0,0.0,0.0,548192.8769089505,0.0
shaheen_ncc_elec_rising_decoupled,2031,Daesan,19800108.505871844,17800835.143621836,923651.5079129153,0.9236515079129153,954719534.9999999,2599313885.8049436,38188781.4,38188781.4,2999245722.8910737,476309399.8861298,35813106.41518731,0.0
shaheen_ncc_elec_rising_decoupled,2031,Yeosu,25771247.357066404,22961787.665743873,1110888.2670504316,1.1108882670504316,1144338895.0,3116013023.4420524,45773555.79999999,45773555.79999999,3594202057.5268493,569736145.6847963,47047209.18705699,0.0
shaheen_ncc_elec_rising_decoupled,2031,Ulsan,22130929.276215024,19742310.514946666,893663.2426279974,0.8936632426279975,734419209.9999999,1817316400.3421009,29910000.4,28843536.4,2199477325.3643327,440914461.8222317,33289142.755415075,0.0
shaheen_ncc_elec_rising_decoupled,2031,Other,432184.00829651015,376871.34701639693,0.0,0.0,0.0,0.0,0.0,0.0,0.0,0.0,548192.8769089505,0.0
shaheen_ncc_elec_rising_decoupled,2032,Daesan,19800108.505871844,17155478.312303144,1476775.0436838493,1.4767750436838494,1481971995.0,4248000042.4414988,59278879.8,59278879.8,4862679608.067545,733237325.2260463,49933696.091835506,0.0
shaheen_ncc_elec_rising_decoupled,2032,Yeosu,25771247.357066404,22112024.336710483,1800895.3295450844,1.8008953295450845,1845992190.0,5292419701.945283,73839687.6,73839687.6,6055423482.359827,910683155.6145432,65785432.454647005,0.0
shaheen_ncc_elec_rising_decoupled,2032,Ulsan,22130929.276215024,19066534.634338498,1444273.136340453,1.444273136340453,1506230670.0,4134751632.2149854,60774730.79999999,59723722.79999999,4826150458.384584,811897279.7695993,53678114.26324518,0.0
shaheen_ncc_elec_rising_decoupled,2032,Other,432184.00829651015,369251.46602736256,0.0,0.0,0.0,0.0,0.0,0.0,0.0,0.0,548192.8769089505,0.0
shaheen_ncc_elec_rising_decoupled,2033,Daesan,19800108.505871844,16461399.936626626,2029449.3550450355,2.0294493550450357,1457620342.5,4387375109.297527,58304813.699999996,58304813.699999996,5004002807.123572,733237325.2260463,49933696.091835506,0.0
shaheen_ncc_elec_rising_decoupled,2033,Yeosu,25771247.357066404,21197606.82559089,2490306.2648609253,2.490306264860925,1815658985.0,5465980749.268616,72626359.39999999,72626359.39999999,6231411186.0831585,910683155.6145432,65785432.454647005,0.0
shaheen_ncc_elec_rising_decoupled,2033,Ulsan,22130929.276215024,18320408.84607939,1994234.386908345,1.994234386908345,1481571105.0,4273040425.8421507,59780620.19999999,58745068.19999999,4966412017.21175,811897279.7695993,53678114.26324518,0.0
shaheen_ncc_elec_rising_decoupled,2033,Other,432184.00829651015,361631.5850383282,0.0,0.0,0.0,0.0,0.0,0.0,0.0,0.0,548192.8769089505,0.0
shaheen_ncc_elec_rising_decoupled,2034,Daesan,19800108.505871844,15767321.560950113,2582123.6664062236,2.5821236664062237,1433268689.9999998,4527137363.000283,57330747.599999994,57330747.599999994,5145713193.026329,733237325.2260463,49933696.091835506,0.0
shaheen_ncc_elec_rising_decoupled,2034,Yeosu,25771247.357066404,20283189.31447129,3179717.200176769,3.179717200176769,1785325780.0,5640023954.684341,71413031.19999999,71413031.19999999,6407881047.898884,910683155.6145432,65785432.454647005,0.0
shaheen_ncc_elec_rising_decoupled,2034,Ulsan,22130929.276215024,17574283.057820287,2544195.63747624,2.54419563747624,1456911540.0,4411713497.712678,58786509.599999994,57766413.599999994,5107057854.282277,811897279.7695993,53678114.26324518,0.0
shaheen_ncc_elec_rising_decoupled,2034,Other,432184.00829651015,354011.7040492937,0.0,0.0,0.0,0.0,0.0,0.0,0.0,0.0,548192.8769089505,0.0
shaheen_ncc_elec_rising_decoupled,2035,Daesan,19800108.505871844,15073243.185273599,3134797.97776741,3.1347979777674104,1408917037.4999998,4666512429.856311,56356681.5,56356681.5,5287036392.082357,733237325.2260463,49933696.091835506,0.0
shaheen_ncc_elec_rising_decoupled,2035,Yeosu,25771247.357066404,19368771.8033517,3869128.13549261,3.86912813549261,1754992575.0,5813585002.007673,70199702.99999999,70199702.99999999,6583868751.622217,910683155.6145432,65785432.454647005,0.0
shaheen_ncc_elec_rising_decoupled,2035,Ulsan,22130929.276215024,16828157.269561175,3094156.8880441315,3.0941568880441315,1432251975.0,4550002291.339845,57792398.99999999,56787758.99999999,5247319413.109444,811897279.7695993,53678114.26324518,0.0
shaheen_ncc_elec_rising_decoupled,2035,Other,432184.00829651015,346391.82306025934,0.0,0.0,0.0,0.0,0.0,0.0,0.0,0.0,548192.8769089505,0.0
shaheen_ncc_elec_rising_decoupled,2036,Daesan,19800108.505871844,13680093.064311387,4244122.67467224,4.244122674672241,1384565384.9999998,4806274683.559068,55382615.39999999,55382615.39999999,5428746777.985114,733237325.2260463,49933696.091835506,0.0
shaheen_ncc_elec_rising_decoupled,2036,Yeosu,25771247.357066404,17533358.237867046,5252909.797025849,5.252909797025849,1724659370.0,5987628207.423399,68986374.8,68986374.8,6760338613.4379425,910683155.6145432,65785432.454647005,0.0
shaheen_ncc_elec_rising_decoupled,2036,Ulsan,22130929.276215024,15330537.881616635,4198035.944939401,4.198035944939401,1407592410.0,4688675363.210373,56798288.39999999,55809104.39999999,5387965250.179973,811897279.7695993,53678114.26324518,0.0
shaheen_ncc_elec_rising_decoupled,2036,Other,432184.00829651015,331097.24179449957,0.0,0.0,0.0,0.0,0.0,0.0,0.0,0.0,548192.8769089505,0.0
shaheen_ncc_elec_rising_decoupled,2037,Daesan,19800108.505871844,12281949.57373999,5357423.4457595255,5.357423445759525,1360213732.4999998,4945649750.415096,54408549.3,54408549.3,5570069977.041142,733237325.2260463,49933696.091835506,0.0
shaheen_ncc_elec_rising_decoupled,2037,Yeosu,25771247.357066404,15691366.129136931,6641651.249460639,6.641651249460639,1694326165.0,6161189254.746733,67773046.6,67773046.6,6936326317.161276,910683155.6145432,65785432.454647005,0.0
shaheen_ncc_elec_rising_decoupled,2037,Ulsan,22130929.276215024,13827550.68224577,5305871.557594149,5.305871557594149,1382932845.0,4826964156.837538,55804177.79999999,54830449.79999999,5528226809.007138,811897279.7695993,53678114.26324518,0.0
shaheen_ncc_elec_rising_decoupled,2037,Other,432184.00829651015,315747.841241049,0.0,0.0,0.0,0.0,0.0,0.0,0.0,0.0,548192.8769089505,0.0
shaheen_ncc_elec_rising_decoupled,2038,Daesan,19800108.505871844,10871357.204639263,6711339.974650886,6.711339974650886,1924542480.0,5711199020.701756,76981699.19999999,71094895.19999999,6540465014.854883,977342588.5531261,55551135.435049884,0.0
shaheen_ncc_elec_rising_decoupled,2038,Yeosu,25771247.357066404,13840619.295449153,8163074.198813701,8.163074198813701,2192317680.0,6886111821.317247,87692707.19999999,82409460.0,7841282777.87483,1125273123.757582,70723655.06105852,0.0
shaheen_ncc_elec_rising_decoupled,2038,Ulsan,22130929.276215024,12294347.562666966,6782030.978147233,6.782030978147233,2187358879.9999995,6037034347.534704,87973491.19999999,79265323.19999999,7017840604.744678,1148045071.6099744,62822419.83989251,0.0
shaheen_ncc_elec_rising_decoupled,2038,Other,432184.00829651015,297436.2224594367,8888.432251826987,0.008888432251826988,119011199.99999999,109447218.78208075,4760447.999999999,3570335.9999999995,143340047.8981162,42223613.11603545,1519858.0606000854,0.0
shaheen_ncc_elec_rising_decoupled,2039,Daesan,19800108.505871844,9321480.526001368,8003764.401887909,8.003764401887908,1890156502.5,5870375338.410516,75606260.1,69819799.35,6702291867.513642,977342588.5531261,55551135.435049884,0.0
shaheen_ncc_elec_rising_decoupled,2039,Yeosu,25771247.357066404,11867429.319245622,9698832.827650532,9.698832827650532,2152978940.0,7077066993.703981,86119157.6,80925965.75,8035294994.111563,1125273123.757582,70723655.06105852,0.0
shaheen_ncc_elec_rising_decoupled,2039,Ulsan,22130929.276215024,10541602.049133962,8180128.278955792,8.180128278955792,2148503140.0,6207696263.016632,86411533.6,77850922.1,7191478878.926606,1148045071.6099744,62822419.83989251,0.0
shaheen_ncc_elec_rising_decoupled,2039,Other,432184.00829651015,255032.1825686943,36679.58839297148,0.036679588392971474,116982599.99999999,112851794.70255338,4679303.999999999,3509477.9999999995,146886625.81858882,42223613.11603545,1519858.0606000854,0.0
shaheen_ncc_elec_rising_decoupled,2040,Daesan,19800108.505871844,7766048.733819975,9300821.174742267,9.300821174742266,1855770525.0,6029995017.359438,74230821.0,68544703.5,6864562081.412564,977342588.5531261,55551135.435049884,0.0
shaheen_ncc_elec_rising_decoupled,2040,Yeosu,25771247.357066404,9887166.977535984,11240095.967701828,11.240095967701828,2113640200.0,7268553706.409174,84545608.0,79442471.5,8229838750.666756,1125273123.757582,70723655.06105852,0.0
shaheen_ncc_elec_rising_decoupled,2040,Ulsan,22130929.276215024,8782574.293616973,9583236.681200942,9.583236681200942,2109647400.0,6378833899.79769,84849575.99999999,76436521.0,7365592874.407664,1148045071.6099744,62822419.83989251,0.0
shaheen_ncc_elec_rising_decoupled,2040,Other,432184.00829651015,212476.15687189193,64570.35441275804,0.06457035441275803,114953999.99999999,116266087.27486295,4598159.999999999,3448619.9999999995,150442920.39089838,42223613.11603545,1519858.0606000854,0.0
shaheen_ncc_elec_rising_decoupled,2041,Daesan,19800108.505871844,6993887.951272781,9944717.215552108,9.944717215552108,1821384547.5,6189171335.068197,72855381.89999999,67269607.64999999,7026388934.071323,977342588.5531261,55551135.435049884,0.0
shaheen_ncc_elec_rising_decoupled,2041,Yeosu,25771247.357066404,8904108.172187269,12005223.02651301,12.00522302651301,2074301460.0,7459508878.795908,82972058.4,77958977.25,8423850966.90349,1125273123.757582,70723655.06105852,0.0
shaheen_ncc_elec_rising_decoupled,2041,Ulsan,22130929.276215024,7909342.657842467,10279779.780886928,10.279779780886928,2070791660.0,6549495815.279618,83287618.39999999,75022119.89999999,7539231148.589591,1148045071.6099744,62822419.83989251,0.0
shaheen_ncc_elec_rising_decoupled,2041,Other,432184.00829651015,191350.12982955074,78416.12754400923,0.07841612754400923,112925399.99999999,119670663.19533557,4517015.999999999,3387761.9999999995,153989498.311371,42223613.11603545,1519858.0606000854,0.0
shaheen_ncc_elec_rising_decoupled,2042,Daesan,19800108.505871844,6216172.055182081,10593245.601979287,10.593245601979287,1786998570.0,6348791014.017118,71479942.8,65994511.8,7188659147.970245,977342588.5531261,55551135.435049884,0.0
shaheen_ncc_elec_rising_decoupled,2042,Yeosu,25771247.357066404,7913977.00133245,12775854.59653866,12.77585459653866,2034962720.0,7650995591.501099,81398508.8,76475483.0,8618394723.458681,1125273123.757582,70723655.06105852,0.0
shaheen_ncc_elec_rising_decoupled,2042,Ulsan,22130929.276215024,7029828.780083971,10981333.982009502,10.981333982009502,2031935920.0,6720633452.060675,81725660.79999998,73607718.79999998,7713345144.070648,1148045071.6099744,62822419.83989251,0.0
shaheen_ncc_elec_rising_decoupled,2042,Other,432184.00829651015,170072.11698114953,92361.51055390252,0.09236151055390253,110896799.99999999,123084955.76764514,4435871.999999999,3326903.9999999995,157545792.88368055,42223613.11603545,1519858.0606000854,0.0
shaheen_ncc_elec_rising_decoupled,2043,Daesan,19800108.505871844,5438456.159091384,11241773.988406466,11.241773988406466,1752612592.5,6507967331.72588,70104503.69999999,64719415.94999999,7350486000.629006,977342588.5531261,55551135.435049884,0.0
shaheen_ncc_elec_rising_decoupled,2043,Yeosu,25771247.357066404,6923845.830477631,13546486.166564308,13.546486166564309,1995623980.0,7841950763.887835,79824959.19999999,74991988.75,8812406939.695415,1125273123.757582,70723655.06105852,0.0
shaheen_ncc_elec_rising_decoupled,2043,Ulsan,22130929.276215024,6150314.902325476,11682888.183132078,11.682888183132079,1993080180.0,6891295367.5426035,80163703.19999999,72193317.69999999,7886983418.252577,1148045071.6099744,62822419.83989251,0.0
shaheen_ncc_elec_rising_decoupled,2043,Other,432184.00829651015,148794.10413274833,106306.89356379582,0.10630689356379582,108868199.99999999,126489531.68811777,4354727.999999999,3266045.9999999995,161092370.8041532,42223613.11603545,1519858.0606000854,0.0
shaheen_ncc_elec_rising_decoupled,2044,Daesan,19800108.505871844,4666295.37654419,11885670.029216308,11.885670029216309,1718226615.0,6667587010.674801,68729064.6,63444320.099999994,7512756214.527926,977342588.5531261,55551135.435049884,0.0
shaheen_ncc_elec_rising_decoupled,2044,Yeosu,25771247.357066404,5940787.025128918,14311613.225375488,14.311613225375488,1956285240.0,8033437476.593026,78251409.6,73508494.5,9006950696.250608,1125273123.757582,70723655.06105852,0.0
shaheen_ncc_elec_rising_decoupled,2044,Ulsan,22130929.276215024,5277083.26655097,12379431.282818062,12.379431282818063,1954224439.9999998,7062433004.323659,78601745.6,70778916.6,8061097413.733633,1148045071.6099744,62822419.83989251,0.0
shaheen_ncc_elec_rising_decoupled,2044,Other,432184.00829651015,127668.07709040718,120152.666695047,0.120152666695047,106839599.99999999,129903824.2604273,4273583.999999999,3205187.9999999995,164648665.37646273,42223613.11603545,1519858.0606000854,0.0
shaheen_ncc_elec_rising_decoupled,2045,Daesan,19800108.505871844,3888579.4804534917,12534198.415643487,12.534198415643488,1683840637.5,6826763328.38356,67353625.5,62169224.25,7674583067.1866865,977342588.5531261,55551135.435049884,0.0
shaheen_ncc_elec_rising_decoupled,2045,Yeosu,25771247.357066404,4950655.854274099,15082244.795401137,15.082244795401138,1916946499.9999998,8224392648.979761,76677860.0,72025000.25,9200962912.487343,1125273123.757582,70723655.06105852,0.0
shaheen_ncc_elec_rising_decoupled,2045,Ulsan,22130929.276215024,4397569.388792475,13080985.483940639,13.080985483940639,1915368699.9999998,7233094919.805588,77039787.99999999,69364515.49999999,8234735687.915563,1148045071.6099744,62822419.83989251,0.0
shaheen_ncc_elec_rising_decoupled,2045,Other,432184.00829651015,106390.06424200597,134098.0497049403,0.1340980497049403,104810999.99999999,133308400.18089996,4192439.9999999995,3144329.9999999995,168195243.29693538,42223613.11603545,1519858.0606000854,0.0
shaheen_ncc_elec_rising_decoupled,2046,Daesan,19800108.505871844,3110863.5843627937,13182726.802070666,13.182726802070666,1649454660.0,6986383007.332483,65978186.39999999,60894128.39999999,7836853281.0856085,977342588.5531261,55551135.435049884,0.0
shaheen_ncc_elec_rising_decoupled,2046,Yeosu,25771247.357066404,3960524.683419278,15852876.365426788,15.852876365426788,1877607759.9999998,8415879361.684952,75104310.4,70541506.0,9395506669.042534,1125273123.757582,70723655.06105852,0.0
shaheen_ncc_elec_rising_decoupled,2046,Ulsan,22130929.276215024,3518055.51103398,13782539.685063211,13.782539685063211,1876512959.9999998,7404232556.586644,75477830.39999999,67950114.39999999,8408849683.39662,1148045071.6099744,62822419.83989251,0.0
shaheen_ncc_elec_rising_decoupled,2046,Other,432184.00829651015,85112.05139360478,148043.4327148336,0.14804343271483358,102782399.99999999,136722692.7532095,4111295.9999999995,3083471.9999999995,171751537.86924496,42223613.11603545,1519858.0606000854,0.0
shaheen_ncc_elec_rising_decoupled,2047,Daesan,19800108.505871844,2333147.688272095,13831255.188497843,13.831255188497844,1615068682.5,7145559325.041243,64602747.3,59619032.55,7998680133.7443695,977342588.5531261,55551135.435049884,0.0
shaheen_ncc_elec_rising_decoupled,2047,Yeosu,25771247.357066404,2970393.512564459,16623507.935452437,16.623507935452437,1838269019.9999998,8606834534.071688,73530760.8,69058011.75,9589518885.27927,1125273123.757582,70723655.06105852,0.0
shaheen_ncc_elec_rising_decoupled,2047,Ulsan,22130929.276215024,2638541.633275485,14484093.886185784,14.484093886185784,1837657219.9999998,7574894472.068574,73915872.8,66535713.29999999,8582487957.578548,1148045071.6099744,62822419.83989251,0.0
shaheen_ncc_elec_rising_decoupled,2047,Other,432184.00829651015,63834.03854520359,161988.81572472685,0.16198881572472684,100753799.99999999,140127268.67368215,4030151.9999999995,3022613.9999999995,175298115.7897176,42223613.11603545,1519858.0606000854,0.0
shaheen_ncc_elec_rising_decoupled,2048,Daesan,19800108.505871844,1555431.7921813969,14479783.574925024,14.479783574925024,1580682705.0,7305179003.990164,63227308.199999996,58343936.69999999,8160950347.64329,977342588.5531261,55551135.435049884,0.0
shaheen_ncc_elec_rising_decoupled,2048,Yeosu,25771247.357066404,1980262.341709639,17394139.505478088,17.394139505478087,1798930279.9999998,8798321246.77688,71957211.19999999,67574517.5,9784062641.834461,1125273123.757582,70723655.06105852,0.0
shaheen_ncc_elec_rising_decoupled,2048,Ulsan,22130929.276215024,1759027.75551699,15185648.087308362,15.185648087308362,1798801479.9999998,7746032108.84963,72353915.19999999,65121312.19999999,8756601953.059605,1148045071.6099744,62822419.83989251,0.0
shaheen_ncc_elec_rising_decoupled,2048,Other,432184.00829651015,42556.02569680239,175934.19873462015,0.17593419873462016,98725199.99999999,143541561.2459917,3949007.9999999995,2961755.9999999995,178854410.36202717,42223613.11603545,1519858.0606000854,0.0
shaheen_ncc_elec_rising_decoupled,2049,Daesan,19800108.505871844,777715.8960906984,15128311.961352203,15.128311961352203,1546296727.5,7464355321.698925,61851869.099999994,57068840.849999994,8322777200.30205,977342588.5531261,55551135.435049884,0.0
shaheen_ncc_elec_rising_decoupled,2049,Yeosu,25771247.357066404,990131.1708548195,18164771.075503737,18.164771075503737,1759591539.9999998,8989276419.163614,70383661.6,66091023.25,9978074858.071198,1125273123.757582,70723655.06105852,0.0
shaheen_ncc_elec_rising_decoupled,2049,Ulsan,22130929.276215024,879513.877758495,15887202.288430937,15.887202288430936,1759945739.9999998,7916694024.331559,70791957.59999998,63706911.099999994,8930240227.241533,1148045071.6099744,62822419.83989251,0.0
shaheen_ncc_elec_rising_decoupled,2049,Other,432184.00829651015,21278.012848401195,189879.58174451347,0.18987958174451347,96696599.99999999,146946137.16646436,3867863.9999999995,2900897.9999999995,182400988.2824998,42223613.11603545,1519858.0606000854,0.0
shaheen_ncc_elec_rising_decoupled,2050,Daesan,19800108.505871844,0.0,15776840.347779384,15.776840347779384,1511910750.0,7623975000.647845,60476430.0,55793745.0,8485047414.200972,977342588.5531261,55551135.435049884,0.0
shaheen_ncc_elec_rising_decoupled,2050,Yeosu,25771247.357066404,0.0,18935402.645529386,18.935402645529386,1720252799.9999998,9180763131.868807,68810112.0,64607529.0,10172618614.626389,1125273123.757582,70723655.06105852,0.0
shaheen_ncc_elec_rising_decoupled,2050,Ulsan,22130929.276215024,0.0,16588756.489553513,16.588756489553514,1721089999.9999998,8087831661.112615,69230000.0,62292510.0,9104354222.72259,1148045071.6099744,62822419.83989251,0.0
shaheen_ncc_elec_rising_decoupled,2050,Other,432184.00829651015,0.0,203824.96475440674,0.20382496475440673,94667999.99999999,150360429.7387739,3786719.9999999995,2840039.9999999995,185957282.85480934,42223613.11603545,1519858.0606000854,0.0
shaheen_ncc_elec_flat_coupled,2025,Daesan,17217485.657279864,17217485.657279864,0.0,0.0,0.0,0.0,0.0,0.0,0.0,0.0,9752183.842566231,0.0
shaheen_ncc_elec_flat_coupled,2025,Yeosu,22409780.310492523,22409780.310492523,0.0,0.0,0.0,0.0,0.0,0.0,0.0,0.0,15277933.230763266,0.0
shaheen_ncc_elec_flat_coupled,2025,Ulsan,19244286.3271435,19244286.3271435,0.0,0.0,0.0,0.0,0.0,0.0,0.0,0.0,13261121.675682966,0.0
shaheen_ncc_elec_flat_coupled,2025,Other,375812.18112740014,375812.18112740014,0.0,0.0,0.0,0.0,0.0,0.0,0.0,0.0,476689.4581816963,0.0
shaheen_ncc_elec_flat_coupled,2026,Daesan,19800108.505871844,19604967.307182096,0.0,0.0,0.0,0.0,0.0,0.0,0.0,0.0,11215011.418951167,0.0
shaheen_ncc_elec_flat_coupled,2026,Yeosu,25771247.357066404,25465535.91311882,0.0,0.0,0.0,0.0,0.0,0.0,0.0,0.0,17569623.21537775,0.0
shaheen_ncc_elec_flat_coupled,2026,Ulsan,22130929.276215024,21677050.786755353,189787.6579064445,0.1897876579064445,63369600.0,-57923669.58784634,3168480.0,1901088.0,37550865.414562345,100544103.00240868,15737963.503847908,0.0
shaheen_ncc_elec_flat_coupled,2026,Other,432184.00829651015,422645.4522382944,0.0,0.0,0.0,0.0,0.0,0.0,0.0,0.0,548192.8769089505,0.0
shaheen_ncc_elec_flat_coupled,2027,Daesan,19800108.505871844,19409826.10849234,0.0,0.0,0.0,0.0,0.0,0.0,0.0,0.0,11215011.418951167,0.0
shaheen_ncc_elec_flat_coupled,2027,Yeosu,25771247.357066404,25159824.469171252,0.0,0.0,0.0,0.0,0.0,0.0,0.0,0.0,17569623.21537775,0.0
shaheen_ncc_elec_flat_coupled,2027,Ulsan,22130929.276215024,21403210.221788395,199537.3913201637,0.1995373913201637,61051200.0,-58109141.58784634,3052560.0,1831536.0,37550865.414562345,100544103.00240868,15737963.503847908,0.0
shaheen_ncc_elec_flat_coupled,2027,Other,432184.00829651015,413106.8961800786,0.0,0.0,0.0,0.0,0.0,0.0,0.0,0.0,548192.8769089505,0.0
shaheen_ncc_elec_flat_coupled,2028,Daesan,19800108.505871844,19214684.90980259,0.0,0.0,0.0,0.0,0.0,0.0,0.0,0.0,11215011.418951167,0.0
shaheen_ncc_elec_flat_coupled,2028,Yeosu,25771247.357066404,24854113.02522368,0.0,0.0,0.0,0.0,0.0,0.0,0.0,0.0,17569623.21537775,0.0
shaheen_ncc_elec_flat_coupled,2028,Ulsan,22130929.276215024,21129369.65682144,209287.12473388296,0.20928712473388295,58732800.0,-58294613.58784634,2936640.0,1761984.0,37550865.414562345,100544103.00240868,15737963.503847908,0.0
shaheen_ncc_elec_flat_coupled,2028,Other,432184.00829651015,403568.34012186277,0.0,0.0,0.0,0.0,0.0,0.0,0.0,0.0,548192.8769089505,0.0
shaheen_ncc_elec_flat_coupled,2029,Daesan,19800108.505871844,18921785.374417197,136367.91775928484,0.13636791775928483,1023071280.0,1499589617.2240531,40922851.199999996,40922851.199999996,1894053314.7101834,476309399.8861298,35813106.41518731,0.0
shaheen_ncc_elec_flat_coupled,2029,Yeosu,25771247.357066404,24434365.31329875,165221.27935398772,0.16522127935398773,1226266160.0,1798139266.9345047,49050646.39999999,49050646.39999999,2269774119.8193007,569736145.6847963,47047209.18705699,0.0
shaheen_ncc_elec_flat_coupled,2029,Ulsan,22130929.276215024,20784260.68319116,315460.4255573732,0.3154604255573732,786272479.9999999,1010979004.3630025,32015043.199999996,30886755.199999996,1388991667.785234,440914461.8222317,33289142.755415075,0.0
shaheen_ncc_elec_flat_coupled,2029,Other,432184.00829651015,394029.7840636471,0.0,0.0,0.0,0.0,0.0,0.0,0.0,0.0,548192.8769089505,0.0
shaheen_ncc_elec_flat_coupled,2030,Daesan,19800108.505871844,18298637.322792936,574027.1659597064,0.5740271659597064,970153799.9999999,1495356218.824053,38806152.0,38806152.0,1894053314.7101834,476309399.8861298,35813106.41518731,0.0
shaheen_ncc_elec_flat_coupled,2030,Yeosu,25771247.357066404,23615743.873443965,690927.5281053666,0.6909275281053666,1162838600.0,1793065062.1345046,46513543.99999999,46513543.99999999,2269774119.8193007,569736145.6847963,47047209.18705699,0.0
shaheen_ncc_elec_flat_coupled,2030,Ulsan,22130929.276215024,20205029.599246938,636889.4676349736,0.6368894676349736,746202799.9999999,1007773429.9630024,30389071.999999996,29307151.999999996,1388991667.785234,440914461.8222317,33289142.755415075,0.0
shaheen_ncc_elec_flat_coupled,2030,Other,432184.00829651015,384491.2280054315,0.0,0.0,0.0,0.0,0.0,0.0,0.0,0.0,548192.8769089505,0.0
shaheen_ncc_elec_flat_coupled,2031,Daesan,19800108.505871844,17800835.143621836,923651.5079129153,0.9236515079129153,954719534.9999999,1494121477.6240532,38188781.4,38188781.4,1894053314.7101834,476309399.8861298,35813106.41518731,0.0
shaheen_ncc_elec_flat_coupled,2031,Yeosu,25771247.357066404,22961787.665743873,1110888.2670504316,1.1108882670504316,1144338895.0,1791585085.7345047,45773555.79999999,45773555.79999999,2269774119.8193007,569736145.6847963,47047209.18705699,0.0
shaheen_ncc_elec_flat_coupled,2031,Ulsan,22130929.276215024,19742310.514946666,893663.2426279974,0.8936632426279975,734419209.9999999,1006830742.7630024,29910000.4,28843536.4,1388991667.785234,440914461.8222317,33289142.755415075,0.0
shaheen_ncc_elec_flat_coupled,2031,Other,432184.00829651015,376871.34701639693,0.0,0.0,0.0,0.0,0.0,0.0,0.0,0.0,548192.8769089505,0.0
shaheen_ncc_elec_flat_coupled,2032,Daesan,19800108.505871844,17155478.312303144,1476775.0436838493,1.4767750436838494,1481971995.0,2366659154.186048,59278879.8,59278879.8,2981338719.812094,733237325.2260463,49933696.091835506,0.0
shaheen_ncc_elec_flat_coupled,2032,Yeosu,25771247.357066404,22112024.336710483,1800895.3295450844,1.8008953295450845,1845992190.0,2949613531.0091896,73839687.6,73839687.6,3712617311.4237328,910683155.6145432,65785432.454647005,0.0
shaheen_ncc_elec_flat_coupled,2032,Ulsan,22130929.276215024,19066534.634338498,1444273.136340453,1.444273136340453,1506230670.0,2267543647.718552,60774730.79999999,59723722.79999999,2958942473.8881516,811897279.7695993,53678114.26324518,0.0
shaheen_ncc_elec_flat_coupled,2032,Other,432184.00829651015,369251.46602736256,0.0,0.0,0.0,0.0,0.0,0.0,0.0,0.0,548192.8769089505,0.0
shaheen_ncc_elec_flat_coupled,2033,Daesan,19800108.505871844,16461399.936626626,2029449.3550450355,2.0294493550450357,1457620342.5,2364711021.9860477,58304813.699999996,58304813.699999996,2981338719.812094,733237325.2260463,49933696.091835506,0.0
shaheen_ncc_elec_flat_coupled,2033,Yeosu,25771247.357066404,21197606.82559089,2490306.2648609253,2.490306264860925,1815658985.0,2947186874.6091895,72626359.39999999,72626359.39999999,3712617311.4237328,910683155.6145432,65785432.454647005,0.0
shaheen_ncc_elec_flat_coupled,2033,Ulsan,22130929.276215024,18320408.84607939,1994234.386908345,1.994234386908345,1481571105.0,2265570882.5185523,59780620.19999999,58745068.19999999,2958942473.8881516,811897279.7695993,53678114.26324518,0.0
shaheen_ncc_elec_flat_coupled,2033,Other,432184.00829651015,361631.5850383282,0.0,0.0,0.0,0.0,0.0,0.0,0.0,0.0,548192.8769089505,0.0
shaheen_ncc_elec_flat_coupled,2034,Daesan,19800108.505871844,15767321.560950113,2582123.6664062236,2.5821236664062237,1433268689.9999998,2362762889.786048,57330747.599999994,57330747.599999994,2981338719.812094,733237325.2260463,49933696.091835506,0.0
shaheen_ncc_elec_flat_coupled,2034,Yeosu,25771247.357066404,20283189.31447129,3179717.200176769,3.179717200176769,1785325780.0,2944760218.2091894,71413031.19999999,71413031.19999999,3712617311.4237328,910683155.6145432,65785432.454647005,0.0
shaheen_ncc_elec_flat_coupled,2034,Ulsan,22130929.276215024,17574283.057820287,2544195.63747624,2.54419563747624,1456911540.0,2263598117.318552,58786509.599999994,57766413.599999994,2958942473.8881516,811897279.7695993,53678114.26324518,0.0
shaheen_ncc_elec_flat_coupled,2034,Other,432184.00829651015,354011.7040492937,0.0,0.0,0.0,0.0,0.0,0.0,0.0,0.0,548192.8769089505,0.0
shaheen_ncc_elec_flat_coupled,2035,Daesan,19800108.505871844,15073243.185273599,3134797.97776741,3.1347979777674104,1408917037.4999998,2360814757.586048,56356681.5,56356681.5,2981338719.812094,733237325.2260463,49933696.091835506,0.0
shaheen_ncc_elec_flat_coupled,2035,Yeosu,25771247.357066404,19368771.8033517,3869128.13549261,3.86912813549261,1754992575.0,2942333561.8091893,70199702.99999999,70199702.99999999,3712617311.4237328,910683155.6145432,65785432.454647005,0.0
shaheen_ncc_elec_flat_coupled,2035,Ulsan,22130929.276215024,16828157.269561175,3094156.8880441315,3.0941568880441315,1432251975.0,2261625352.118552,57792398.99999999,56787758.99999999,2958942473.8881516,811897279.7695993,53678114.26324518,0.0
shaheen_ncc_elec_flat_coupled,2035,Other,432184.00829651015,346391.82306025934,0.0,0.0,0.0,0.0,0.0,0.0,0.0,0.0,548192.8769089505,0.0
shaheen_ncc_elec_flat_coupled,2036,Daesan,19800108.505871844,13680093.064311387,4244122.67467224,4.244122674672241,1384565384.9999998,2358866625.386048,55382615.39999999,55382615.39999999,2981338719.812094,733237325.2260463,49933696.091835506,0.0
shaheen_ncc_elec_flat_coupled,2036,Yeosu,25771247.357066404,17533358.237867046,5252909.797025849,5.252909797025849,1724659370.0,2939906905.4091897,68986374.8,68986374.8,3712617311.4237328,910683155.6145432,65785432.454647005,0.0
shaheen_ncc_elec_flat_coupled,2036,Ulsan,22130929.276215024,15330537.881616635,4198035.944939401,4.198035944939401,1407592410.0,2259652586.918552,56798288.39999999,55809104.39999999,2958942473.8881516,811897279.7695993,53678114.26324518,0.0
shaheen_ncc_elec_flat_coupled,2036,Other,432184.00829651015,331097.24179449957,0.0,0.0,0.0,0.0,0.0,0.0,0.0,0.0,548192.8769089505,0.0
shaheen_ncc_elec_flat_coupled,2037,Daesan,19800108.505871844,12281949.57373999,5357423.4457595255,5.357423445759525,1360213732.4999998,2356918493.186048,54408549.3,54408549.3,2981338719.812094,733237325.2260463,49933696.091835506,0.0
shaheen_ncc_elec_flat_coupled,2037,Yeosu,25771247.357066404,15691366.129136931,6641651.249460639,6.641651249460639,1694326165.0,2937480249.0091896,67773046.6,67773046.6,3712617311.4237328,910683155.6145432,65785432.454647005,0.0
shaheen_ncc_elec_flat_coupled,2037,Ulsan,22130929.276215024,13827550.68224577,5305871.557594149,5.305871557594149,1382932845.0,2257679821.718552,55804177.79999999,54830449.79999999,2958942473.8881516,811897279.7695993,53678114.26324518,0.0
shaheen_ncc_elec_flat_coupled,2037,Other,432184.00829651015,315747.841241049,0.0,0.0,0.0,0.0,0.0,0.0,0.0,0.0,548192.8769089505,0.0
shaheen_ncc_elec_flat_coupled,2038,Daesan,19800108.505871844,10871357.204639263,6711339.974650886,6.711339974650886,1924542480.0,2584615555.086475,76981699.19999999,71094895.19999999,3413881549.239601,977342588.5531261,55551135.435049884,0.0
shaheen_ncc_elec_flat_coupled,2038,Yeosu,25771247.357066404,13840619.295449153,8163074.198813701,8.163074198813701,2192317680.0,3137689495.5598383,87692707.19999999,82409460.0,4092860452.1174207,1125273123.757582,70723655.06105852,0.0
shaheen_ncc_elec_flat_coupled,2038,Ulsan,22130929.276215024,12294347.562666966,6782030.978147233,6.782030978147233,2187358879.9999995,2682247746.0800214,87973491.19999999,79265323.19999999,3663054003.2899957,1148045071.6099744,62822419.83989251,0.0
shaheen_ncc_elec_flat_coupled,2038,Other,432184.00829651015,297436.2224594367,8888.432251826987,0.008888432251826988,119011199.99999999,40925390.02818192,4760447.999999999,3570335.9999999995,74818219.14421736,42223613.11603545,1519858.0606000854,0.0
shaheen_ncc_elec_flat_coupled,2039,Daesan,19800108.505871844,9321480.526001368,8003764.401887909,8.003764401887908,1890156502.5,2581965020.1364746,75606260.1,69819799.35,3413881549.239601,977342588.5531261,55551135.435049884,0.0
shaheen_ncc_elec_flat_coupled,2039,Yeosu,25771247.357066404,11867429.319245622,9698832.827650532,9.698832827650532,2152978940.0,3134632451.7098384,86119157.6,80925965.75,4092860452.1174207,1125273123.757582,70723655.06105852,0.0
shaheen_ncc_elec_flat_coupled,2039,Ulsan,22130929.276215024,10541602.049133962,8180128.278955792,8.180128278955792,2148503140.0,2679271387.3800216,86411533.6,77850922.1,3663054003.2899957,1148045071.6099744,62822419.83989251,0.0
shaheen_ncc_elec_flat_coupled,2039,Other,432184.00829651015,255032.1825686943,36679.58839297148,0.036679588392971474,116982599.99999999,40783388.02818192,4679303.999999999,3509477.9999999995,74818219.14421736,42223613.11603545,1519858.0606000854,0.0
shaheen_ncc_elec_flat_coupled,2040,Daesan,19800108.505871844,7766048.733819975,9300821.174742267,9.300821174742266,1855770525.0,2579314485.186475,74230821.0,68544703.5,3413881549.239601,977342588.5531261,55551135.435049884,0.0
shaheen_ncc_elec_flat_coupled,2040,Yeosu,25771247.357066404,9887166.977535984,11240095.967701828,11.240095967701828,2113640200.0,3131575407.8598385,84545608.0,79442471.5,4092860452.1174207,1125273123.757582,70723655.06105852,0.0
shaheen_ncc_elec_flat_coupled,2040,Ulsan,22130929.276215024,8782574.293616973,9583236.681200942,9.583236681200942,2109647400.0,2676295028.6800213,84849575.99999999,76436521.0,3663054003.2899957,1148045071.6099744,62822419.83989251,0.0
shaheen_ncc_elec_flat_coupled,2040,Other,432184.00829651015,212476.15687189193,64570.35441275804,0.06457035441275803,114953999.99999999,40641386.02818192,4598159.999999999,3448619.9999999995,74818219.14421736,42223613.11603545,1519858.0606000854,0.0
shaheen_ncc_elec_flat_coupled,2041,Daesan,19800108.505871844,6993887.951272781,9944717.215552108,9.944717215552108,1821384547.5,2576663950.236475,72855381.89999999,67269607.64999999,3413881549.239601,977342588.5531261,55551135.435049884,0.0
shaheen_ncc_elec_flat_coupled,2041,Yeosu,25771247.357066404,8904108.172187269,12005223.02651301,12.00522302651301,2074301460.0,3128518364.0098386,82972058.4,77958977.25,4092860452.1174207,1125273123.757582,70723655.06105852,0.0
shaheen_ncc_elec_flat_coupled,2041,Ulsan,22130929.276215024,7909342.657842467,10279779.780886928,10.279779780886928,2070791660.0,2673318669.980022,83287618.39999999,75022119.89999999,3663054003.2899957,1148045071.6099744,62822419.83989251,0.0
shaheen_ncc_elec_flat_coupled,2041,Other,432184.00829651015,191350.12982955074,78416.12754400923,0.07841612754400923,112925399.99999999,40499384.02818192,4517015.999999999,3387761.9999999995,74818219.14421736,42223613.11603545,1519858.0606000854,0.0
shaheen_ncc_elec_flat_coupled,2042,Daesan,19800108.505871844,6216172.055182081,10593245.601979287,10.593245601979287,1786998570.0,2574013415.2864747,71479942.8,65994511.8,3413881549.239601,977342588.5531261,55551135.435049884,0.0
shaheen_ncc_elec_flat_coupled,2042,Yeosu,25771247.357066404,7913977.00133245,12775854.59653866,12.77585459653866,2034962720.0,3125461320.1598387,81398508.8,76475483.0,4092860452.1174207,1125273123.757582,70723655.06105852,0.0
shaheen_ncc_elec_flat_coupled,2042,Ulsan,22130929.276215024,7029828.780083971,10981333.982009502,10.981333982009502,2031935920.0,2670342311.2800217,81725660.79999998,73607718.79999998,3663054003.2899957,1148045071.6099744,62822419.83989251,0.0
shaheen_ncc_elec_flat_coupled,2042,Other,432184.00829651015,170072.11698114953,92361.51055390252,0.09236151055390253,110896799.99999999,40357382.02818192,4435871.999999999,3326903.9999999995,74818219.14421736,42223613.11603545,1519858.0606000854,0.0
shaheen_ncc_elec_flat_coupled,2043,Daesan,19800108.505871844,5438456.159091384,11241773.988406466,11.241773988406466,1752612592.5,2571362880.336475,70104503.69999999,64719415.94999999,3413881549.239601,977342588.5531261,55551135.435049884,0.0
shaheen_ncc_elec_flat_coupled,2043,Yeosu,25771247.357066404,6923845.830477631,13546486.166564308,13.546486166564309,1995623980.0,3122404276.3098383,79824959.19999999,74991988.75,4092860452.1174207,1125273123.757582,70723655.06105852,0.0
shaheen_ncc_elec_flat_coupled,2043,Ulsan,22130929.276215024,6150314.902325476,11682888.183132078,11.682888183132079,1993080180.0,2667365952.5800214,80163703.19999999,72193317.69999999,3663054003.2899957,1148045071.6099744,62822419.83989251,0.0
shaheen_ncc_elec_flat_coupled,2043,Other,432184.00829651015,148794.10413274833,106306.89356379582,0.10630689356379582,108868199.99999999,40215380.02818192,4354727.999999999,3266045.9999999995,74818219.14421736,42223613.11603545,1519858.0606000854,0.0
shaheen_ncc_elec_flat_coupled,2044,Daesan,19800108.505871844,4666295.37654419,11885670.029216308,11.885670029216309,1718226615.0,2568712345.3864746,68729064.6,63444320.099999994,3413881549.239601,977342588.5531261,55551135.435049884,0.0
shaheen_ncc_elec_flat_coupled,2044,Yeosu,25771247.357066404,5940787.025128918,14311613.225375488,14.311613225375488,1956285240.0,3119347232.4598384,78251409.6,73508494.5,4092860452.1174207,1125273123.757582,70723655.06105852,0.0
shaheen_ncc_elec_flat_coupled,2044,Ulsan,22130929.276215024,5277083.26655097,12379431.282818062,12.379431282818063,1954224439.9999998,2664389593.8800216,78601745.6,70778916.6,3663054003.2899957,1148045071.6099744,62822419.83989251,0.0
shaheen_ncc_elec_flat_coupled,2044,Other,432184.00829651015,127668.07709040718,120152.666695047,0.120152666695047,106839599.99999999,40073378.02818192,4273583.999999999,3205187.9999999995,74818219.14421736,42223613.11603545,1519858.0606000854,0.0
shaheen_ncc_elec_flat_coupled,2045,Daesan,19800108.505871844,3888579.4804534917,12534198.415643487,12.534198415643488,1683840637.5,2566061810.436475,67353625.5,62169224.25,3413881549.239601,977342588.5531261,55551135.435049884,0.0
shaheen_ncc_elec_flat_coupled,2045,Yeosu,25771247.357066404,4950655.854274099,15082244.795401137,15.082244795401138,1916946499.9999998,3116290188.6098385,76677860.0,72025000.25,4092860452.1174207,1125273123.757582,70723655.06105852,0.0
shaheen_ncc_elec_flat_coupled,2045,Ulsan,22130929.276215024,4397569.388792475,13080985.483940639,13.080985483940639,1915368699.9999998,2661413235.1800213,77039787.99999999,69364515.49999999,3663054003.2899957,1148045071.6099744,62822419.83989251,0.0
shaheen_ncc_elec_flat_coupled,2045,Other,432184.00829651015,106390.06424200597,134098.0497049403,0.1340980497049403,104810999.99999999,39931376.02818192,4192439.9999999995,3144329.9999999995,74818219.14421736,42223613.11603545,1519858.0606000854,0.0
shaheen_ncc_elec_flat_coupled,2046,Daesan,19800108.505871844,3110863.5843627937,13182726.802070666,13.182726802070666,1649454660.0,2563411275.486475,65978186.39999999,60894128.39999999,3413881549.239601,977342588.5531261,55551135.435049884,0.0
shaheen_ncc_elec_flat_coupled,2046,Yeosu,25771247.357066404,3960524.683419278,15852876.365426788,15.852876365426788,1877607759.9999998,3113233144.7598386,75104310.4,70541506.0,4092860452.1174207,1125273123.757582,70723655.06105852,0.0
shaheen_ncc_elec_flat_coupled,2046,Ulsan,22130929.276215024,3518055.51103398,13782539.685063211,13.782539685063211,1876512959.9999998,2658436876.480022,75477830.39999999,67950114.39999999,3663054003.2899957,1148045071.6099744,62822419.83989251,0.0
shaheen_ncc_elec_flat_coupled,2046,Other,432184.00829651015,85112.05139360478,148043.4327148336,0.14804343271483358,102782399.99999999,39789374.02818192,4111295.9999999995,3083471.9999999995,74818219.14421736,42223613.11603545,1519858.0606000854,0.0
shaheen_ncc_elec_flat_coupled,2047,Daesan,19800108.505871844,2333147.688272095,13831255.188497843,13.831255188497844,1615068682.5,2560760740.5364747,64602747.3,59619032.55,3413881549.239601,977342588.5531261,55551135.435049884,0.0
shaheen_ncc_elec_flat_coupled,2047,Yeosu,25771247.357066404,2970393.512564459,16623507.935452437,16.623507935452437,1838269019.9999998,3110176100.9098387,73530760.8,69058011.75,4092860452.1174207,1125273123.757582,70723655.06105852,0.0
shaheen_ncc_elec_flat_coupled,2047,Ulsan,22130929.276215024,2638541.633275485,14484093.886185784,14.484093886185784,1837657219.9999998,2655460517.7800217,73915872.8,66535713.29999999,3663054003.2899957,1148045071.6099744,62822419.83989251,0.0
shaheen_ncc_elec_flat_coupled,2047,Other,432184.00829651015,63834.03854520359,161988.81572472685,0.16198881572472684,100753799.99999999,39647372.02818192,4030151.9999999995,3022613.9999999995,74818219.14421736,42223613.11603545,1519858.0606000854,0.0
shaheen_ncc_elec_flat_coupled,2048,Daesan,19800108.505871844,1555431.7921813969,14479783.574925024,14.479783574925024,1580682705.0,2558110205.586475,63227308.199999996,58343936.69999999,3413881549.239601,977342588.5531261,55551135.435049884,0.0
shaheen_ncc_elec_flat_coupled,2048,Yeosu,25771247.357066404,1980262.341709639,17394139.505478088,17.394139505478087,1798930279.9999998,3107119057.0598383,71957211.19999999,67574517.5,4092860452.1174207,1125273123.757582,70723655.06105852,0.0
shaheen_ncc_elec_flat_coupled,2048,Ulsan,22130929.276215024,1759027.75551699,15185648.087308362,15.185648087308362,1798801479.9999998,2652484159.0800214,72353915.19999999,65121312.19999999,3663054003.2899957,1148045071.6099744,62822419.83989251,0.0
shaheen_ncc_elec_flat_coupled,2048,Other,432184.00829651015,42556.02569680239,175934.19873462015,0.17593419873462016,98725199.99999999,39505370.02818192,3949007.9999999995,2961755.9999999995,74818219.14421736,42223613.11603545,1519858.0606000854,0.0
shaheen_ncc_elec_flat_coupled,2049,Daesan,19800108.505871844,777715.8960906984,15128311.961352203,15.128311961352203,1546296727.5,2555459670.6364746,61851869.099999994,57068840.849999994,3413881549.239601,977342588.5531261,55551135.435049884,0.0
shaheen_ncc_elec_flat_coupled,2049,Yeosu,25771247.357066404,990131.1708548195,18164771.075503737,18.164771075503737,1759591539.9999998,3104062013.2098384,70383661.6,66091023.25,4092860452.1174207,1125273123.757582,70723655.06105852,0.0
shaheen_ncc_elec_flat_coupled,2049,Ulsan,22130929.276215024,879513.877758495,15887202.288430937,15.887202288430936,1759945739.9999998,2649507800.3800216,70791957.59999998,63706911.099999994,3663054003.2899957,1148045071.6099744,62822419.83989251,0.0
shaheen_ncc_elec_flat_coupled,2049,Other,432184.00829651015,21278.012848401195,189879.58174451347,0.18987958174451347,96696599.99999999,39363368.02818192,3867863.9999999995,2900897.9999999995,74818219.14421736,42223613.11603545,1519858.0606000854,0.0
shaheen_ncc_elec_flat_coupled,2050,Daesan,19800108.505871844,0.0,15776840.347779384,15.776840347779384,1511910750.0,2552809135.686475,60476430.0,55793745.0,3413881549.239601,977342588.5531261,55551135.435049884,0.0
shaheen_ncc_elec_flat_coupled,2050,Yeosu,25771247.357066404,0.0,18935402.645529386,18.935402645529386,1720252799.9999998,3101004969.3598385,68810112.0,64607529.0,4092860452.1174207,1125273123.757582,70723655.06105852,0.0
shaheen_ncc_elec_flat_coupled,2050,Ulsan,22130929.276215024,0.0,16588756.489553513,16.588756489553514,1721089999.9999998,2646531441.6800213,69230000.0,62292510.0,3663054003.2899957,1148045071.6099744,62822419.83989251,0.0
shaheen_ncc_elec_flat_coupled,2050,Other,432184.00829651015,0.0,203824.96475440674,0.20382496475440673,94667999.99999999,39221366.02818192,3786719.9999999995,2840039.9999999995,74818219.14421736,42223613.11603545,1519858.0606000854,0.0
shaheen_ncc_elec_flat_decoupled,2025,Daesan,17217485.657279864,17217485.657279864,0.0,0.0,0.0,0.0,0.0,0.0,0.0,0.0,9752183.842566231,0.0
shaheen_ncc_elec_flat_decoupled,2025,Yeosu,22409780.310492523,22409780.310492523,0.0,0.0,0.0,0.0,0.0,0.0,0.0,0.0,15277933.230763266,0.0
shaheen_ncc_elec_flat_decoupled,2025,Ulsan,19244286.3271435,19244286.3271435,0.0,0.0,0.0,0.0,0.0,0.0,0.0,0.0,13261121.675682966,0.0
shaheen_ncc_elec_flat_decoupled,2025,Other,375812.18112740014,375812.18112740014,0.0,0.0,0.0,0.0,0.0,0.0,0.0,0.0,476689.4581816963,0.0
shaheen_ncc_elec_flat_decoupled,2026,Daesan,19800108.505871844,19604967.307182096,0.0,0.0,0.0,0.0,0.0,0.0,0.0,0.0,11215011.418951167,0.0
shaheen_ncc_elec_flat_decoupled,2026,Yeosu,25771247.357066404,25465535.91311882,0.0,0.0,0.0,0.0,0.0,0.0,0.0,0.0,17569623.21537775,0.0
shaheen_ncc_elec_flat_decoupled,2026,Ulsan,22130929.276215024,21677050.786755353,189787.6579064445,0.1897876579064445,63369600.0,-57923669.58784634,3168480.0,1901088.0,37550865.414562345,100544103.00240868,15737963.503847908,0.0
shaheen_ncc_elec_flat_decoupled,2026,Other,432184.00829651015,422645.4522382944,0.0,0.0,0.0,0.0,0.0,0.0,0.0,0.0,548192.8769089505,0.0
shaheen_ncc_elec_flat_decoupled,2027,Daesan,19800108.505871844,19409826.10849234,0.0,0.0,0.0,0.0,0.0,0.0,0.0,0.0,11215011.418951167,0.0
shaheen_ncc_elec_flat_decoupled,2027,Yeosu,25771247.357066404,25159824.469171252,0.0,0.0,0.0,0.0,0.0,0.0,0.0,0.0,17569623.21537775,0.0
shaheen_ncc_elec_flat_decoupled,2027,Ulsan,22130929.276215024,21403210.221788395,199537.3913201637,0.1995373913201637,61051200.0,-58109141.58784634,3052560.0,1831536.0,37550865.414562345,100544103.00240868,15737963.503847908,0.0
shaheen_ncc_elec_flat_decoupled,2027,Other,432184.00829651015,413106.8961800786,0.0,0.0,0.0,0.0,0.0,0.0,0.0,0.0,548192.8769089505,0.0
shaheen_ncc_elec_flat_decoupled,2028,Daesan,19800108.505871844,19214684.90980259,0.0,0.0,0.0,0.0,0.0,0.0,0.0,0.0,11215011.418951167,0.0
shaheen_ncc_elec_flat_decoupled,2028,Yeosu,25771247.357066404,24854113.02522368,0.0,0.0,0.0,0.0,0.0,0.0,0.0,0.0,17569623.21537775,0.0
shaheen_ncc_elec_flat_decoupled,2028,Ulsan,22130929.276215024,21129369.65682144,209287.12473388296,0.20928712473388295,58732800.0,-58294613.58784634,2936640.0,1761984.0,37550865.414562345,100544103.00240868,15737963.503847908,0.0
shaheen_ncc_elec_flat_decoupled,2028,Other,432184.00829651015,403568.34012186277,0.0,0.0,0.0,0.0,0.0,0.0,0.0,0.0,548192.8769089505,0.0
shaheen_ncc_elec_flat_decoupled,2029,Daesan,19800108.505871844,18921785.374417197,136367.91775928484,0.13636791775928483,1023071280.0,1499589617.2240531,40922851.199999996,40922851.199999996,1894053314.7101834,476309399.8861298,35813106.41518731,0.0
shaheen_ncc_elec_flat_decoupled,2029,Yeosu,25771247.357066404,24434365.31329875,165221.27935398772,0.16522127935398773,1226266160.0,1798139266.9345047,49050646.39999999,49050646.39999999,2269774119.8193007,569736145.6847963,47047209.18705699,0.0
shaheen_ncc_elec_flat_decoupled,2029,Ulsan,22130929.276215024,20784260.68319116,315460.4255573732,0.3154604255573732,786272479.9999999,1010979004.3630025,32015043.199999996,30886755.199999996,1388991667.785234,440914461.8222317,33289142.755415075,0.0
shaheen_ncc_elec_flat_decoupled,2029,Other,432184.00829651015,394029.7840636471,0.0,0.0,0.0,0.0,0.0,0.0,0.0,0.0,548192.8769089505,0.0
shaheen_ncc_elec_flat_decoupled,2030,Daesan,19800108.505871844,18298637.322792936,574027.1659597064,0.5740271659597064,970153799.9999999,1495356218.824053,38806152.0,38806152.0,1894053314.7101834,476309399.8861298,35813106.41518731,0.0
shaheen_ncc_elec_flat_decoupled,2030,Yeosu,25771247.357066404,23615743.873443965,690927.5281053666,0.6909275281053666,1162838600.0,1793065062.1345046,46513543.99999999,46513543.99999999,2269774119.8193007,569736145.6847963,47047209.18705699,0.0
shaheen_ncc_elec_flat_decoupled,2030,Ulsan,22130929.276215024,20205029.599246938,636889.4676349736,0.6368894676349736,746202799.9999999,1007773429.9630024,30389071.999999996,29307151.999999996,1388991667.785234,440914461.8222317,33289142.755415075,0.0
shaheen_ncc_elec_flat_decoupled,2030,Other,432184.00829651015,384491.2280054315,0.0,0.0,0.0,0.0,0.0,0.0,0.0,0.0,548192.8769089505,0.0
shaheen_ncc_elec_flat_decoupled,2031,Daesan,19800108.505871844,17800835.143621836,923651.5079129153,0.9236515079129153,954719534.9999999,1494121477.6240532,38188781.4,38188781.4,1894053314.7101834,476309399.8861298,35813106.41518731,0.0
shaheen_ncc_elec_flat_decoupled,2031,Yeosu,25771247.357066404,22961787.665743873,1110888.2670504316,1.1108882670504316,1144338895.0,1791585085.7345047,45773555.79999999,45773555.79999999,2269774119.8193007,569736145.6847963,47047209.18705699,0.0
shaheen_ncc_elec_flat_decoupled,2031,Ulsan,22130929.276215024,19742310.514946666,893663.2426279974,0.8936632426279975,734419209.9999999,1006830742.7630024,29910000.4,28843536.4,1388991667.785234,440914461.8222317,33289142.755415075,0.0
shaheen_ncc_elec_flat_decoupled,2031,Other,432184.00829651015,376871.34701639693,0.0,0.0,0.0,0.0,0.0,0.0,0.0,0.0,548192.8769089505,0.0
shaheen_ncc_elec_flat_decoupled,2032,Daesan,19800108.505871844,17155478.312303144,1476775.0436838493,1.4767750436838494,1481971995.0,2366659154.186048,59278879.8,59278879.8,2981338719.812094,733237325.2260463,49933696.091835506,0.0
shaheen_ncc_elec_flat_decoupled,2032,Yeosu,25771247.357066404,22112024.336710483,1800895.3295450844,1.8008953295450845,1845992190.0,2949613531.0091896,73839687.6,73839687.6,3712617311.4237328,910683155.6145432,65785432.454647005,0.0
shaheen_ncc_elec_flat_decoupled,2032,Ulsan,22130929.276215024,19066534.634338498,1444273.136340453,1.444273136340453,1506230670.0,2267543647.718552,60774730.79999999,59723722.79999999,2958942473.8881516,811897279.7695993,53678114.26324518,0.0
shaheen_ncc_elec_flat_decoupled,2032,Other,432184.00829651015,369251.46602736256,0.0,0.0,0.0,0.0,0.0,0.0,0.0,0.0,548192.8769089505,0.0
shaheen_ncc_elec_flat_decoupled,2033,Daesan,19800108.505871844,16461399.936626626,2029449.3550450355,2.0294493550450357,1457620342.5,2364711021.9860477,58304813.699999996,58304813.699999996,2981338719.812094,733237325.2260463,49933696.091835506,0.0
shaheen_ncc_elec_flat_decoupled,2033,Yeosu,25771247.357066404,21197606.82559089,2490306.2648609253,2.490306264860925,1815658985.0,2947186874.6091895,72626359.39999999,72626359.39999999,3712617311.4237328,910683155.6145432,65785432.454647005,0.0
shaheen_ncc_elec_flat_decoupled,2033,Ulsan,22130929.276215024,18320408.84607939,1994234.386908345,1.994234386908345,1481571105.0,2265570882.5185523,59780620.19999999,58745068.19999999,2958942473.8881516,811897279.7695993,53678114.26324518,0.0
shaheen_ncc_elec_flat_decoupled,2033,Other,432184.00829651015,361631.5850383282,0.0,0.0,0.0,0.0,0.0,0.0,0.0,0.0,548192.8769089505,0.0
shaheen_ncc_elec_flat_decoupled,2034,Daesan,19800108.505871844,15767321.560950113,2582123.6664062236,2.5821236664062237,1433268689.9999998,2362762889.786048,57330747.599999994,57330747.599999994,2981338719.812094,733237325.2260463,49933696.091835506,0.0
shaheen_ncc_elec_flat_decoupled,2034,Yeosu,25771247.357066404,20283189.31447129,3179717.200176769,3.179717200176769,1785325780.0,2944760218.2091894,71413031.19999999,71413031.19999999,3712617311.4237328,910683155.6145432,65785432.454647005,0.0
shaheen_ncc_elec_flat_decoupled,2034,Ulsan,22130929.276215024,17574283.057820287,2544195.63747624,2.54419563747624,1456911540.0,2263598117.318552,58786509.599999994,57766413.599999994,2958942473.8881516,811897279.7695993,53678114.26324518,0.0
shaheen_ncc_elec_flat_decoupled,2034,Other,432184.00829651015,354011.7040492937,0.0,0.0,0.0,0.0,0.0,0.0,0.0,0.0,548192.8769089505,0.0
shaheen_ncc_elec_flat_decoupled,2035,Daesan,19800108.505871844,15073243.185273599,3134797.97776741,3.1347979777674104,1408917037.4999998,2360814757.586048,56356681.5,56356681.5,2981338719.812094,733237325.2260463,49933696.091835506,0.0
shaheen_ncc_elec_flat_decoupled,2035,Yeosu,25771247.357066404,19368771.8033517,3869128.13549261,3.86912813549261,1754992575.0,2942333561.8091893,70199702.99999999,70199702.99999999,3712617311.4237328,910683155.6145432,65785432.454647005,0.0
shaheen_ncc_elec_flat_decoupled,2035,Ulsan,22130929.276215024,16828157.269561175,3094156.8880441315,3.0941568880441315,1432251975.0,2261625352.118552,57792398.99999999,56787758.99999999,2958942473.8881516,811897279.7695993,53678114.26324518,0.0
shaheen_ncc_elec_flat_decoupled,2035,Other,432184.00829651015,346391.82306025934,0.0,0.0,0.0,0.0,0.0,0.0,0.0,0.0,548192.8769089505,0.0
shaheen_ncc_elec_flat_decoupled,2036,Daesan,19800108.505871844,13680093.064311387,4244122.67467224,4.244122674672241,1384565384.9999998,2358866625.386048,55382615.39999999,55382615.39999999,2981338719.812094,733237325.2260463,49933696.091835506,0.0
shaheen_ncc_elec_flat_decoupled,2036,Yeosu,25771247.357066404,17533358.237867046,5252909.797025849,5.252909797025849,1724659370.0,2939906905.4091897,68986374.8,68986374.8,3712617311.4237328,910683155.6145432,65785432.454647005,0.0
shaheen_ncc_elec_flat_decoupled,2036,Ulsan,22130929.276215024,15330537.881616635,4198035.944939401,4.198035944939401,1407592410.0,2259652586.918552,56798288.39999999,55809104.39999999,2958942473.8881516,811897279.7695993,53678114.26324518,0.0
shaheen_ncc_elec_flat_decoupled,2036,Other,432184.00829651015,331097.24179449957,0.0,0.0,0.0,0.0,0.0,0.0,0.0,0.0,548192.8769089505,0.0
shaheen_ncc_elec_flat_decoupled,2037,Daesan,19800108.505871844,12281949.57373999,5357423.4457595255,5.357423445759525,1360213732.4999998,2356918493.186048,54408549.3,54408549.3,2981338719.812094,733237325.2260463,49933696.091835506,0.0
shaheen_ncc_elec_flat_decoupled,2037,Yeosu,25771247.357066404,15691366.129136931,6641651.249460639,6.641651249460639,1694326165.0,2937480249.0091896,67773046.6,67773046.6,3712617311.4237328,910683155.6145432,65785432.454647005,0.0
shaheen_ncc_elec_flat_decoupled,2037,Ulsan,22130929.276215024,13827550.68224577,5305871.557594149,5.305871557594149,1382932845.0,2257679821.718552,55804177.79999999,54830449.79999999,2958942473.8881516,811897279.7695993,53678114.26324518,0.0
shaheen_ncc_elec_flat_decoupled,2037,Other,432184.00829651015,315747.841241049,0.0,0.0,0.0,0.0,0.0,0.0,0.0,0.0,548192.8769089505,0.0
shaheen_ncc_elec_flat_decoupled,2038,Daesan,19800108.505871844,10871357.204639263,6711339.974650886,6.711339974650886,1924542480.0,2584615555.086475,76981699.19999999,71094895.19999999,3413881549.239601,977342588.5531261,55551135.435049884,0.0
shaheen_ncc_elec_flat_decoupled,2038,Yeosu,25771247.357066404,13840619.295449153,8163074.198813701,8.163074198813701,2192317680.0,3137689495.5598383,87692707.19999999,82409460.0,4092860452.1174207,1125273123.757582,70723655.06105852,0.0
shaheen_ncc_elec_flat_decoupled,2038,Ulsan,22130929.276215024,12294347.562666966,6782030.978147233,6.782030978147233,2187358879.9999995,2682247746.0800214,87973491.19999999,79265323.19999999,3663054003.2899957,1148045071.6099744,62822419.83989251,0.0
shaheen_ncc_elec_flat_decoupled,2038,Other,432184.00829651015,297436.2224594367,8888.432251826987,0.008888432251826988,119011199.99999999,40925390.02818192,4760447.999999999,3570335.9999999995,74818219.14421736,42223613.11603545,1519858.0606000854,0.0
shaheen_ncc_elec_flat_decoupled,2039,Daesan,19800108.505871844,9321480.526001368,8003764.401887909,8.003764401887908,1890156502.5,2581965020.1364746,75606260.1,69819799.35,3413881549.239601,977342588.5531261,55551135.435049884,0.0
shaheen_ncc_elec_flat_decoupled,2039,Yeosu,25771247.357066404,11867429.319245622,9698832.827650532,9.698832827650532,2152978940.0,3134632451.7098384,86119157.6,80925965.75,4092860452.1174207,1125273123.757582,70723655.06105852,0.0
shaheen_ncc_elec_flat_decoupled,2039,Ulsan,22130929.276215024,10541602.049133962,8180128.278955792,8.180128278955792,2148503140.0,2679271387.3800216,86411533.6,77850922.1,3663054003.2899957,1148045071.6099744,62822419.83989251,0.0
shaheen_ncc_elec_flat_decoupled,2039,Other,432184.00829651015,255032.1825686943,36679.58839297148,0.036679588392971474,116982599.99999999,40783388.02818192,4679303.999999999,3509477.9999999995,74818219.14421736,42223613.11603545,1519858.0606000854,0.0
shaheen_ncc_elec_flat_decoupled,2040,Daesan,19800108.505871844,7766048.733819975,9300821.174742267,9.300821174742266,1855770525.0,2579314485.186475,74230821.0,68544703.5,3413881549.239601,977342588.5531261,55551135.435049884,0.0
shaheen_ncc_elec_flat_decoupled,2040,Yeosu,25771247.357066404,9887166.977535984,11240095.967701828,11.240095967701828,2113640200.0,3131575407.8598385,84545608.0,79442471.5,4092860452.1174207,1125273123.757582,70723655.06105852,0.0
shaheen_ncc_elec_flat_decoupled,2040,Ulsan,22130929.276215024,8782574.293616973,9583236.681200942,9.583236681200942,2109647400.0,2676295028.6800213,84849575.99999999,76436521.0,3663054003.2899957,1148045071.6099744,62822419.83989251,0.0
shaheen_ncc_elec_flat_decoupled,2040,Other,432184.00829651015,212476.15687189193,64570.35441275804,0.06457035441275803,114953999.99999999,40641386.02818192,4598159.999999999,3448619.9999999995,74818219.14421736,42223613.11603545,1519858.0606000854,0.0
shaheen_ncc_elec_flat_decoupled,2041,Daesan,19800108.505871844,6993887.951272781,9944717.215552108,9.944717215552108,1821384547.5,2576663950.236475,72855381.89999999,67269607.64999999,3413881549.239601,977342588.5531261,55551135.435049884,0.0
shaheen_ncc_elec_flat_decoupled,2041,Yeosu,25771247.357066404,8904108.172187269,12005223.02651301,12.00522302651301,2074301460.0,3128518364.0098386,82972058.4,77958977.25,4092860452.1174207,1125273123.757582,70723655.06105852,0.0
shaheen_ncc_elec_flat_decoupled,2041,Ulsan,22130929.276215024,7909342.657842467,10279779.780886928,10.279779780886928,2070791660.0,2673318669.980022,83287618.39999999,75022119.89999999,3663054003.2899957,1148045071.6099744,62822419.83989251,0.0
shaheen_ncc_elec_flat_decoupled,2041,Other,432184.00829651015,191350.12982955074,78416.12754400923,0.07841612754400923,112925399.99999999,40499384.02818192,4517015.999999999,3387761.9999999995,74818219.14421736,42223613.11603545,1519858.0606000854,0.0
shaheen_ncc_elec_flat_decoupled,2042,Daesan,19800108.505871844,6216172.055182081,10593245.601979287,10.593245601979287,1786998570.0,2574013415.2864747,71479942.8,65994511.8,3413881549.239601,977342588.5531261,55551135.435049884,0.0
shaheen_ncc_elec_flat_decoupled,2042,Yeosu,25771247.357066404,7913977.00133245,12775854.59653866,12.77585459653866,2034962720.0,3125461320.1598387,81398508.8,76475483.0,4092860452.1174207,1125273123.757582,70723655.06105852,0.0
shaheen_ncc_elec_flat_decoupled,2042,Ulsan,22130929.276215024,7029828.780083971,10981333.982009502,10.981333982009502,2031935920.0,2670342311.2800217,81725660.79999998,73607718.79999998,3663054003.2899957,1148045071.6099744,62822419.83989251,0.0
shaheen_ncc_elec_flat_decoupled,2042,Other,432184.00829651015,170072.11698114953,92361.51055390252,0.09236151055390253,110896799.99999999,40357382.02818192,4435871.999999999,3326903.9999999995,74818219.14421736,42223613.11603545,1519858.0606000854,0.0
shaheen_ncc_elec_flat_decoupled,2043,Daesan,19800108.505871844,5438456.159091384,11241773.988406466,11.241773988406466,1752612592.5,2571362880.336475,70104503.69999999,64719415.94999999,3413881549.239601,977342588.5531261,55551135.435049884,0.0
shaheen_ncc_elec_flat_decoupled,2043,Yeosu,25771247.357066404,6923845.830477631,13546486.166564308,13.546486166564309,1995623980.0,3122404276.3098383,79824959.19999999,74991988.75,4092860452.1174207,1125273123.757582,70723655.06105852,0.0
shaheen_ncc_elec_flat_decoupled,2043,Ulsan,22130929.276215024,6150314.902325476,11682888.183132078,11.682888183132079,1993080180.0,2667365952.5800214,80163703.19999999,72193317.69999999,3663054003.2899957,1148045071.6099744,62822419.83989251,0.0
shaheen_ncc_elec_flat_decoupled,2043,Other,432184.00829651015,148794.10413274833,106306.89356379582,0.10630689356379582,108868199.99999999,40215380.02818192,4354727.999999999,3266045.9999999995,74818219.14421736,42223613.11603545,1519858.0606000854,0.0
shaheen_ncc_elec_flat_decoupled,2044,Daesan,19800108.505871844,4666295.37654419,11885670.029216308,11.885670029216309,1718226615.0,2568712345.3864746,68729064.6,63444320.099999994,3413881549.239601,977342588.5531261,55551135.435049884,0.0
shaheen_ncc_elec_flat_decoupled,2044,Yeosu,25771247.357066404,5940787.025128918,14311613.225375488,14.311613225375488,1956285240.0,3119347232.4598384,78251409.6,73508494.5,4092860452.1174207,1125273123.757582,70723655.06105852,0.0
shaheen_ncc_elec_flat_decoupled,2044,Ulsan,22130929.276215024,5277083.26655097,12379431.282818062,12.379431282818063,1954224439.9999998,2664389593.8800216,78601745.6,70778916.6,3663054003.2899957,1148045071.6099744,62822419.83989251,0.0
shaheen_ncc_elec_flat_decoupled,2044,Other,432184.00829651015,127668.07709040718,120152.666695047,0.120152666695047,106839599.99999999,40073378.02818192,4273583.999999999,3205187.9999999995,74818219.14421736,42223613.11603545,1519858.0606000854,0.0
shaheen_ncc_elec_flat_decoupled,2045,Daesan,19800108.505871844,3888579.4804534917,12534198.415643487,12.534198415643488,1683840637.5,2566061810.436475,67353625.5,62169224.25,3413881549.239601,977342588.5531261,55551135.435049884,0.0
shaheen_ncc_elec_flat_decoupled,2045,Yeosu,25771247.357066404,4950655.854274099,15082244.795401137,15.082244795401138,1916946499.9999998,3116290188.6098385,76677860.0,72025000.25,4092860452.1174207,1125273123.757582,70723655.06105852,0.0
shaheen_ncc_elec_flat_decoupled,2045,Ulsan,22130929.276215024,4397569.388792475,13080985.483940639,13.080985483940639,1915368699.9999998,2661413235.1800213,77039787.99999999,69364515.49999999,3663054003.2899957,1148045071.6099744,62822419.83989251,0.0
shaheen_ncc_elec_flat_decoupled,2045,Other,432184.00829651015,106390.06424200597,134098.0497049403,0.1340980497049403,104810999.99999999,39931376.02818192,4192439.9999999995,3144329.9999999995,74818219.14421736,42223613.11603545,1519858.0606000854,0.0
shaheen_ncc_elec_flat_decoupled,2046,Daesan,19800108.505871844,3110863.5843627937,13182726.802070666,13.182726802070666,1649454660.0,2563411275.486475,65978186.39999999,60894128.39999999,3413881549.239601,977342588.5531261,55551135.435049884,0.0
shaheen_ncc_elec_flat_decoupled,2046,Yeosu,25771247.357066404,3960524.683419278,15852876.365426788,15.852876365426788,1877607759.9999998,3113233144.7598386,75104310.4,70541506.0,4092860452.1174207,1125273123.757582,70723655.06105852,0.0
shaheen_ncc_elec_flat_decoupled,2046,Ulsan,22130929.276215024,3518055.51103398,13782539.685063211,13.782539685063211,1876512959.9999998,2658436876.480022,75477830.39999999,67950114.39999999,3663054003.2899957,1148045071.6099744,62822419.83989251,0.0
shaheen_ncc_elec_flat_decoupled,2046,Other,432184.00829651015,85112.05139360478,148043.4327148336,0.14804343271483358,102782399.99999999,39789374.02818192,4111295.9999999995,3083471.9999999995,74818219.14421736,42223613.11603545,1519858.0606000854,0.0
shaheen_ncc_elec_flat_decoupled,2047,Daesan,19800108.505871844,2333147.688272095,13831255.188497843,13.831255188497844,1615068682.5,2560760740.5364747,64602747.3,59619032.55,3413881549.239601,977342588.5531261,55551135.435049884,0.0
shaheen_ncc_elec_flat_decoupled,2047,Yeosu,25771247.357066404,2970393.512564459,16623507.935452437,16.623507935452437,1838269019.9999998,3110176100.9098387,73530760.8,69058011.75,4092860452.1174207,1125273123.757582,70723655.06105852,0.0
shaheen_ncc_elec_flat_decoupled,2047,Ulsan,22130929.276215024,2638541.633275485,14484093.886185784,14.484093886185784,1837657219.9999998,2655460517.7800217,73915872.8,66535713.29999999,3663054003.2899957,1148045071.6099744,62822419.83989251,0.0
shaheen_ncc_elec_flat_decoupled,2047,Other,432184.00829651015,63834.03854520359,161988.81572472685,0.16198881572472684,100753799.99999999,39647372.02818192,4030151.9999999995,3022613.9999999995,74818219.14421736,42223613.11603545,1519858.0606000854,0.0
shaheen_ncc_elec_flat_decoupled,2048,Daesan,19800108.505871844,1555431.7921813969,14479783.574925024,14.479783574925024,1580682705.0,2558110205.586475,63227308.199999996,58343936.69999999,3413881549.239601,977342588.5531261,55551135.435049884,0.0
shaheen_ncc_elec_flat_decoupled,2048,Yeosu,25771247.357066404,1980262.341709639,17394139.505478088,17.394139505478087,1798930279.9999998,3107119057.0598383,71957211.19999999,67574517.5,4092860452.1174207,1125273123.757582,70723655.06105852,0.0
shaheen_ncc_elec_flat_decoupled,2048,Ulsan,22130929.276215024,1759027.75551699,15185648.087308362,15.185648087308362,1798801479.9999998,2652484159.0800214,72353915.19999999,65121312.19999999,3663054003.2899957,1148045071.6099744,62822419.83989251,0.0
shaheen_ncc_elec_flat_decoupled,2048,Other,432184.00829651015,42556.02569680239,175934.19873462015,0.17593419873462016,98725199.99999999,39505370.02818192,3949007.9999999995,2961755.9999999995,74818219.14421736,42223613.11603545,1519858.0606000854,0.0
shaheen_ncc_elec_flat_decoupled,2049,Daesan,19800108.505871844,777715.8960906984,15128311.961352203,15.128311961352203,1546296727.5,2555459670.6364746,61851869.099999994,57068840.849999994,3413881549.239601,977342588.5531261,55551135.435049884,0.0
shaheen_ncc_elec_flat_decoupled,2049,Yeosu,25771247.357066404,990131.1708548195,18164771.075503737,18.164771075503737,1759591539.9999998,3104062013.2098384,70383661.6,66091023.25,4092860452.1174207,1125273123.757582,70723655.06105852,0.0
shaheen_ncc_elec_flat_decoupled,2049,Ulsan,22130929.276215024,879513.877758495,15887202.288430937,15.887202288430936,1759945739.9999998,2649507800.3800216,70791957.59999998,63706911.099999994,3663054003.2899957,1148045071.6099744,62822419.83989251,0.0
shaheen_ncc_elec_flat_decoupled,2049,Other,432184.00829651015,21278.012848401195,189879.58174451347,0.18987958174451347,96696599.99999999,39363368.02818192,3867863.9999999995,2900897.9999999995,74818219.14421736,42223613.11603545,1519858.0606000854,0.0
shaheen_ncc_elec_flat_decoupled,2050,Daesan,19800108.505871844,0.0,15776840.347779384,15.776840347779384,1511910750.0,2552809135.686475,60476430.0,55793745.0,3413881549.239601,977342588.5531261,55551135.435049884,0.0
shaheen_ncc_elec_flat_decoupled,2050,Yeosu,25771247.357066404,0.0,18935402.645529386,18.935402645529386,1720252799.9999998,3101004969.3598385,68810112.0,64607529.0,4092860452.1174207,1125273123.757582,70723655.06105852,0.0
shaheen_ncc_elec_flat_decoupled,2050,Ulsan,22130929.276215024,0.0,16588756.489553513,16.588756489553514,1721089999.9999998,2646531441.6800213,69230000.0,62292510.0,3663054003.2899957,1148045071.6099744,62822419.83989251,0.0
shaheen_ncc_elec_flat_decoupled,2050,Other,432184.00829651015,0.0,203824.96475440674,0.20382496475440673,94667999.99999999,39221366.02818192,3786719.9999999995,2840039.9999999995,74818219.14421736,42223613.11603545,1519858.0606000854,0.0
